timestamp,machine_id,temperature,vibration,pressure,rpm,defect
2024-06-01 00:00,M-01,67.62,1.875,100.78,1566.0,0
2024-06-01 01:00,M-01,68.15,2.577,99.79,1475.0,0
2024-06-01 02:00,M-01,69.97,2.09,100.41,1464.0,0
2024-06-01 03:00,M-01,68.57,1.847,98.9,1547.0,0
2024-06-01 04:00,M-01,69.8,2.252,102.25,1506.0,0
2024-06-01 05:00,M-01,88.23,6.424,104.13,1422.0,1
2024-06-01 06:00,M-01,70.58,1.947,99.26,1506.0,0
2024-06-01 07:00,M-01,68.06,2.254,102.05,1447.0,0
2024-06-01 08:00,M-01,71.1,2.187,100.11,1529.0,0
2024-06-01 09:00,M-01,68.42,2.269,103.51,1520.0,0
2024-06-01 10:00,M-01,68.15,1.908,100.49,1465.0,0
2024-06-01 11:00,M-01,70.42,1.671,104.28,1567.0,0
2024-06-01 12:00,M-01,68.06,2.154,101.4,1489.0,0
2024-06-01 13:00,M-01,65.08,2.053,101.38,1489.0,0
2024-06-01 14:00,M-01,68.17,1.959,,1550.0,0
2024-06-01 15:00,M-01,66.85,1.847,103.52,1510.0,0
2024-06-01 16:00,M-01,65.3,1.651,100.54,1492.0,0
2024-06-01 17:00,M-01,64.33,2.077,101.27,1482.0,0
2024-06-01 18:00,M-01,63.46,1.63,100.92,1474.0,0
2024-06-01 19:00,M-01,64.14,2.185,102.34,1446.0,0
2024-06-01 20:00,M-01,66.27,1.83,99.62,1588.0,0
2024-06-01 21:00,M-01,65.98,1.851,100.38,1459.0,0
2024-06-01 22:00,M-01,68.66,1.932,101.41,1525.0,0
2024-06-01 23:00,M-01,69.1,2.262,,1526.0,0
2024-06-02 00:00,M-01,68.05,2.203,100.25,1507.0,0
2024-06-02 01:00,M-01,71.68,1.933,101.81,1430.0,0
2024-06-02 02:00,M-01,70.2,2.21,101.89,1515.0,0
2024-06-02 03:00,M-01,70.54,1.869,101.06,1512.0,0
2024-06-02 04:00,M-01,70.39,1.938,101.84,1545.0,0
2024-06-02 05:00,M-01,70.22,1.966,100.42,1482.0,0
2024-06-02 06:00,M-01,73.56,2.27,99.91,1486.0,0
2024-06-02 07:00,M-01,71.97,2.317,100.46,1540.0,0
2024-06-02 08:00,M-01,69.12,1.759,101.35,1509.0,0
2024-06-02 09:00,M-01,69.59,1.612,101.54,1573.0,0
2024-06-02 10:00,M-01,,2.188,101.27,1473.0,0
2024-06-02 11:00,M-01,68.36,2.049,100.18,1502.0,0
2024-06-02 12:00,M-01,69.85,2.04,101.86,1523.0,0
2024-06-02 13:00,M-01,67.05,1.986,102.63,1477.0,0
2024-06-02 14:00,M-01,67.86,2.184,101.73,1557.0,0
2024-06-02 15:00,M-01,65.91,1.984,99.99,1473.0,0
2024-06-02 16:00,M-01,82.65,,101.95,1475.0,1
2024-06-02 17:00,M-01,67.33,1.613,102.81,1481.0,0
2024-06-02 18:00,M-01,64.89,1.809,100.58,1549.0,0
2024-06-02 19:00,M-01,67.94,1.927,101.81,1540.0,0
2024-06-02 20:00,M-01,66.71,2.289,101.96,,0
2024-06-02 21:00,M-01,66.28,1.832,98.59,1515.0,0
2024-06-02 22:00,M-01,64.51,1.989,102.69,1500.0,0
2024-06-02 23:00,M-01,67.14,1.954,102.24,1495.0,0
2024-06-03 00:00,M-01,71.56,2.119,98.31,1445.0,0
2024-06-03 01:00,M-01,72.9,1.902,98.57,1545.0,0
2024-06-03 02:00,M-01,70.74,2.326,99.21,1512.0,0
2024-06-03 03:00,M-01,72.56,1.802,99.9,1518.0,0
2024-06-03 04:00,M-01,73.13,2.19,100.28,1532.0,0
2024-06-03 05:00,M-01,72.08,1.93,99.34,1462.0,0
2024-06-03 06:00,M-01,72.13,1.732,101.22,1461.0,0
2024-06-03 07:00,M-01,71.11,2.122,101.84,1552.0,0
2024-06-03 08:00,M-01,71.01,2.355,99.4,1453.0,0
2024-06-03 09:00,M-01,70.49,2.492,103.03,1572.0,0
2024-06-03 10:00,M-01,72.47,2.04,100.36,1533.0,0
2024-06-03 11:00,M-01,68.64,1.556,101.21,1510.0,0
2024-06-03 12:00,M-01,71.83,1.927,,1493.0,0
2024-06-03 13:00,M-01,69.73,2.481,101.61,1429.0,0
2024-06-03 14:00,M-01,68.87,2.744,101.13,1551.0,0
2024-06-03 15:00,M-01,67.99,,101.24,1534.0,0
2024-06-03 16:00,M-01,,1.785,101.04,1470.0,0
2024-06-03 17:00,M-01,68.79,1.729,100.7,1558.0,0
2024-06-03 18:00,M-01,67.55,2.254,100.96,1482.0,0
2024-06-03 19:00,M-01,67.01,2.008,102.58,1480.0,0
2024-06-03 20:00,M-01,67.9,1.645,101.17,1534.0,0
2024-06-03 21:00,M-01,68.2,2.052,102.26,1522.0,0
2024-06-03 22:00,M-01,68.23,1.856,103.53,1417.0,0
2024-06-03 23:00,M-01,69.62,1.393,102.53,1478.0,0
2024-06-04 00:00,M-01,,1.942,100.68,1539.0,0
2024-06-04 01:00,M-01,72.44,2.205,100.26,1529.0,0
2024-06-04 02:00,M-01,,2.142,101.15,1470.0,0
2024-06-04 03:00,M-01,73.21,1.445,101.11,1504.0,0
2024-06-04 04:00,M-01,74.4,2.093,101.38,1520.0,0
2024-06-04 05:00,M-01,71.91,2.353,99.98,1520.0,0
2024-06-04 06:00,M-01,74.29,1.699,101.03,1458.0,0
2024-06-04 07:00,M-01,73.23,2.309,100.46,1539.0,0
2024-06-04 08:00,M-01,72.2,2.673,104.01,1431.0,0
2024-06-04 09:00,M-01,73.14,1.896,100.72,1468.0,0
2024-06-04 10:00,M-01,70.61,2.249,101.14,1497.0,0
2024-06-04 11:00,M-01,72.31,1.927,102.79,1494.0,0
2024-06-04 12:00,M-01,70.03,2.412,104.05,1467.0,0
2024-06-04 13:00,M-01,70.06,2.318,101.09,1458.0,0
2024-06-04 14:00,M-01,71.12,2.041,100.69,1464.0,0
2024-06-04 15:00,M-01,67.48,2.479,101.39,1499.0,0
2024-06-04 16:00,M-01,67.27,1.915,101.05,1549.0,0
2024-06-04 17:00,M-01,98.21,5.395,101.64,1548.0,1
2024-06-04 18:00,M-01,67.6,1.689,99.65,1506.0,0
2024-06-04 19:00,M-01,68.67,2.021,102.13,1476.0,0
2024-06-04 20:00,M-01,66.35,1.882,100.56,1487.0,0
2024-06-04 21:00,M-01,69.92,2.352,100.52,1538.0,0
2024-06-04 22:00,M-01,72.79,1.942,102.66,1490.0,0
2024-06-04 23:00,M-01,70.08,2.352,101.72,1393.0,0
2024-06-05 00:00,M-01,74.73,2.27,101.76,1547.0,0
2024-06-05 01:00,M-01,71.6,1.786,101.3,1472.0,0
2024-06-05 02:00,M-01,70.34,,98.53,1426.0,0
2024-06-05 03:00,M-01,72.98,,99.83,1499.0,0
2024-06-05 04:00,M-01,73.89,1.647,102.78,1505.0,0
2024-06-05 05:00,M-01,73.56,1.849,99.58,1532.0,0
2024-06-05 06:00,M-01,72.0,1.634,103.3,1538.0,0
2024-06-05 07:00,M-01,74.37,1.723,100.7,1498.0,0
2024-06-05 08:00,M-01,71.31,2.662,102.66,1534.0,0
2024-06-05 09:00,M-01,71.46,2.058,102.05,1548.0,0
2024-06-05 10:00,M-01,73.78,2.405,100.25,1482.0,0
2024-06-05 11:00,M-01,69.36,1.881,100.65,1493.0,0
2024-06-05 12:00,M-01,71.12,2.16,98.14,1411.0,0
2024-06-05 13:00,M-01,70.46,0.963,99.75,1443.0,0
2024-06-05 14:00,M-01,70.21,2.161,100.99,1446.0,0
2024-06-05 15:00,M-01,70.05,1.773,100.17,1476.0,0
2024-06-05 16:00,M-01,68.11,2.191,102.27,1483.0,0
2024-06-05 17:00,M-01,,2.081,97.89,1512.0,0
2024-06-05 18:00,M-01,70.04,2.495,100.82,1510.0,0
2024-06-05 19:00,M-01,68.95,2.299,102.14,1448.0,0
2024-06-05 20:00,M-01,71.43,2.396,98.57,1554.0,0
2024-06-05 21:00,M-01,67.48,1.698,104.3,1465.0,0
2024-06-05 22:00,M-01,70.66,2.202,103.24,1456.0,0
2024-06-05 23:00,M-01,71.7,1.916,100.72,1482.0,0
2024-06-06 00:00,M-01,,1.92,,1428.0,0
2024-06-06 01:00,M-01,74.93,1.982,102.81,1478.0,0
2024-06-06 02:00,M-01,72.68,2.281,101.73,1499.0,0
2024-06-06 03:00,M-01,73.95,2.017,101.88,1548.0,0
2024-06-06 04:00,M-01,74.53,2.61,98.7,1537.0,0
2024-06-06 05:00,M-01,73.42,1.761,102.63,1464.0,0
2024-06-06 06:00,M-01,74.01,1.848,104.05,1460.0,0
2024-06-06 07:00,M-01,,2.254,103.21,,0
2024-06-06 08:00,M-01,75.46,1.96,102.09,1510.0,0
2024-06-06 09:00,M-01,,2.302,102.01,1532.0,0
2024-06-06 10:00,M-01,72.03,2.33,99.48,1510.0,0
2024-06-06 11:00,M-01,72.77,2.344,101.88,1501.0,0
2024-06-06 12:00,M-01,71.96,2.577,102.02,1504.0,0
2024-06-06 13:00,M-01,85.65,,97.26,1523.0,1
2024-06-06 14:00,M-01,71.91,1.77,99.98,1551.0,0
2024-06-06 15:00,M-01,69.93,1.806,102.82,1462.0,0
2024-06-06 16:00,M-01,68.16,1.695,101.29,1429.0,0
2024-06-06 17:00,M-01,68.41,1.842,100.93,1524.0,0
2024-06-06 18:00,M-01,69.31,2.777,101.44,1533.0,0
2024-06-06 19:00,M-01,68.9,1.671,100.43,1480.0,0
2024-06-06 20:00,M-01,70.75,1.43,102.97,1536.0,0
2024-06-06 21:00,M-01,69.82,1.697,,1460.0,0
2024-06-06 22:00,M-01,71.41,1.928,102.96,1466.0,0
2024-06-06 23:00,M-01,70.71,1.737,100.59,1454.0,0
2024-06-07 00:00,M-01,71.51,2.148,102.49,1541.0,0
2024-06-07 01:00,M-01,73.3,2.187,101.34,1498.0,0
2024-06-07 02:00,M-01,73.6,2.423,103.84,1554.0,0
2024-06-07 03:00,M-01,74.23,1.979,101.94,1494.0,0
2024-06-07 04:00,M-01,75.01,2.234,102.1,1541.0,0
2024-06-07 05:00,M-01,75.39,2.243,101.75,1450.0,0
2024-06-07 06:00,M-01,75.82,1.994,101.61,1564.0,0
2024-06-07 07:00,M-01,75.81,1.508,104.86,1448.0,0
2024-06-07 08:00,M-01,77.95,2.21,101.47,1443.0,0
2024-06-07 09:00,M-01,75.05,,102.5,1469.0,0
2024-06-07 10:00,M-01,74.38,2.426,101.71,1465.0,0
2024-06-07 11:00,M-01,74.39,1.995,100.65,1537.0,0
2024-06-07 12:00,M-01,74.41,2.737,103.46,1514.0,0
2024-06-07 13:00,M-01,71.65,2.562,99.13,1516.0,0
2024-06-07 14:00,M-01,71.6,1.949,101.28,,0
2024-06-07 15:00,M-01,72.49,2.184,100.18,1527.0,0
2024-06-07 16:00,M-01,68.88,1.881,100.09,1506.0,0
2024-06-07 17:00,M-01,69.04,2.168,99.74,1515.0,0
2024-06-07 18:00,M-01,71.63,2.363,100.26,1477.0,0
2024-06-07 19:00,M-01,70.25,1.635,99.53,1511.0,0
2024-06-07 20:00,M-01,66.84,1.304,100.85,1541.0,0
2024-06-07 21:00,M-01,71.77,2.184,101.31,1587.0,0
2024-06-07 22:00,M-01,72.66,2.021,102.3,1491.0,0
2024-06-07 23:00,M-01,72.76,1.574,100.25,1553.0,0
2024-06-08 00:00,M-01,75.53,1.472,100.46,1451.0,0
2024-06-08 01:00,M-01,,2.265,101.15,1552.0,0
2024-06-08 02:00,M-01,75.73,2.177,99.44,1442.0,0
2024-06-08 03:00,M-01,74.85,2.23,99.08,1498.0,0
2024-06-08 04:00,M-01,76.85,2.388,102.65,1554.0,0
2024-06-08 05:00,M-01,78.76,2.243,98.94,1495.0,0
2024-06-08 06:00,M-01,74.17,2.096,99.94,1395.0,0
2024-06-08 07:00,M-01,77.57,2.58,100.96,1569.0,0
2024-06-08 08:00,M-01,74.16,2.358,100.53,1528.0,0
2024-06-08 09:00,M-01,75.04,2.001,101.38,1522.0,0
2024-06-08 10:00,M-01,75.79,2.12,101.56,1488.0,0
2024-06-08 11:00,M-01,73.81,1.734,102.24,1529.0,0
2024-06-08 12:00,M-01,72.27,2.07,103.06,1440.0,0
2024-06-08 13:00,M-01,73.25,1.842,102.11,1433.0,0
2024-06-08 14:00,M-01,72.45,2.27,99.01,1480.0,0
2024-06-08 15:00,M-01,74.02,1.809,101.28,1510.0,0
2024-06-08 16:00,M-01,70.19,2.506,,1477.0,0
2024-06-08 17:00,M-01,70.37,1.744,101.04,1617.0,0
2024-06-08 18:00,M-01,,1.713,,1500.0,0
2024-06-08 19:00,M-01,71.73,2.024,102.31,1506.0,0
2024-06-08 20:00,M-01,71.36,2.298,100.74,1544.0,0
2024-06-08 21:00,M-01,72.7,1.973,100.03,1493.0,0
2024-06-08 22:00,M-01,71.84,2.302,100.31,1520.0,0
2024-06-08 23:00,M-01,72.85,2.371,105.7,1501.0,0
2024-06-09 00:00,M-01,73.01,2.145,100.41,1520.0,0
2024-06-09 01:00,M-01,75.13,2.297,102.42,1456.0,0
2024-06-09 02:00,M-01,77.15,2.187,100.17,1486.0,0
2024-06-09 03:00,M-01,77.73,2.343,101.71,1541.0,0
2024-06-09 04:00,M-01,75.3,2.179,101.26,1525.0,0
2024-06-09 05:00,M-01,76.17,1.967,102.63,1465.0,0
2024-06-09 06:00,M-01,76.55,,103.53,1518.0,0
2024-06-09 07:00,M-01,76.45,1.931,101.44,1422.0,0
2024-06-09 08:00,M-01,77.17,2.514,100.71,1495.0,0
2024-06-09 09:00,M-01,76.24,2.614,102.33,1428.0,0
2024-06-09 10:00,M-01,78.17,2.062,101.66,1492.0,0
2024-06-09 11:00,M-01,74.4,2.544,102.06,1527.0,0
2024-06-09 12:00,M-01,77.44,1.838,,1543.0,0
2024-06-09 13:00,M-01,71.18,1.726,102.42,1455.0,0
2024-06-09 14:00,M-01,73.59,2.378,102.67,1469.0,0
2024-06-09 15:00,M-01,72.22,1.679,101.82,1551.0,0
2024-06-09 16:00,M-01,70.96,2.188,101.91,1588.0,0
2024-06-09 17:00,M-01,70.42,1.93,102.93,1491.0,0
2024-06-09 18:00,M-01,72.15,2.224,101.82,1505.0,0
2024-06-09 19:00,M-01,,2.357,102.77,1495.0,0
2024-06-09 20:00,M-01,72.62,2.364,101.3,1569.0,0
2024-06-09 21:00,M-01,71.53,2.362,103.1,1524.0,0
2024-06-09 22:00,M-01,75.03,2.07,102.61,1435.0,0
2024-06-09 23:00,M-01,,1.826,101.9,1492.0,0
2024-06-10 00:00,M-01,76.28,2.048,101.29,1447.0,0
2024-06-10 01:00,M-01,77.82,2.256,101.66,1479.0,0
2024-06-10 02:00,M-01,77.18,2.021,97.99,1468.0,0
2024-06-10 03:00,M-01,78.96,2.217,99.09,1453.0,0
2024-06-10 04:00,M-01,78.63,2.526,104.19,1531.0,0
2024-06-10 05:00,M-01,78.73,2.232,100.73,1499.0,0
2024-06-10 06:00,M-01,78.38,1.581,100.41,1445.0,0
2024-06-10 07:00,M-01,76.95,2.007,101.3,1424.0,0
2024-06-10 08:00,M-01,79.03,1.848,101.6,1487.0,0
2024-06-10 09:00,M-01,78.45,1.658,104.13,1506.0,0
2024-06-10 10:00,M-01,76.55,2.337,100.64,,0
2024-06-10 11:00,M-01,76.8,2.252,101.57,1512.0,0
2024-06-10 12:00,M-01,75.63,1.723,100.59,1536.0,0
2024-06-10 13:00,M-01,75.69,2.722,99.54,1524.0,0
2024-06-10 14:00,M-01,72.17,1.975,102.71,1502.0,0
2024-06-10 15:00,M-01,74.46,2.451,100.22,1559.0,0
2024-06-10 16:00,M-01,74.28,2.517,101.41,1455.0,0
2024-06-10 17:00,M-01,73.71,2.726,,1476.0,0
2024-06-10 18:00,M-01,73.74,2.072,98.8,1553.0,0
2024-06-10 19:00,M-01,75.44,1.95,104.73,1550.0,0
2024-06-10 20:00,M-01,72.96,2.045,102.4,1483.0,0
2024-06-10 21:00,M-01,73.23,2.614,102.71,1578.0,0
2024-06-10 22:00,M-01,75.74,2.26,101.53,1511.0,0
2024-06-10 23:00,M-01,76.92,1.685,100.67,1536.0,0
2024-06-11 00:00,M-01,74.99,2.109,100.64,1465.0,0
2024-06-11 01:00,M-01,,2.595,101.19,1495.0,0
2024-06-11 02:00,M-01,76.68,1.901,101.9,1457.0,0
2024-06-11 03:00,M-01,78.7,2.213,101.03,1433.0,0
2024-06-11 04:00,M-01,77.67,2.377,103.86,1515.0,0
2024-06-11 05:00,M-01,80.53,2.29,103.45,1512.0,0
2024-06-11 06:00,M-01,101.11,5.474,100.26,1469.0,0
2024-06-11 07:00,M-01,80.41,2.184,100.74,1485.0,0
2024-06-11 08:00,M-01,79.73,2.496,103.04,1506.0,0
2024-06-11 09:00,M-01,78.67,1.421,101.07,1480.0,0
2024-06-11 10:00,M-01,80.07,2.405,104.17,1438.0,0
2024-06-11 11:00,M-01,78.92,2.036,100.77,1496.0,0
2024-06-11 12:00,M-01,74.94,2.32,101.14,1540.0,0
2024-06-11 13:00,M-01,75.86,2.399,99.25,1479.0,0
2024-06-11 14:00,M-01,75.81,1.847,104.82,1514.0,0
2024-06-11 15:00,M-01,74.66,2.131,100.53,,0
2024-06-11 16:00,M-01,75.87,1.628,99.63,1427.0,0
2024-06-11 17:00,M-01,74.55,1.96,100.57,1561.0,0
2024-06-11 18:00,M-01,71.93,2.105,101.73,1538.0,0
2024-06-11 19:00,M-01,74.56,2.195,101.09,1473.0,0
2024-06-11 20:00,M-01,75.16,2.2,99.72,1439.0,0
2024-06-11 21:00,M-01,73.36,2.114,97.54,1467.0,0
2024-06-11 22:00,M-01,75.14,1.987,100.41,1550.0,0
2024-06-11 23:00,M-01,76.77,2.307,101.21,1546.0,0
2024-06-12 00:00,M-01,78.63,2.361,99.48,1497.0,0
2024-06-12 01:00,M-01,76.3,2.281,99.39,1498.0,0
2024-06-12 02:00,M-01,78.8,1.885,100.57,1454.0,0
2024-06-12 03:00,M-01,81.43,2.358,99.89,1521.0,0
2024-06-12 04:00,M-01,81.0,1.962,103.41,1477.0,0
2024-06-12 05:00,M-01,79.46,1.732,101.22,1558.0,0
2024-06-12 06:00,M-01,78.94,2.002,102.41,1518.0,0
2024-06-12 07:00,M-01,81.19,2.133,101.34,1525.0,0
2024-06-12 08:00,M-01,81.07,,100.49,1400.0,0
2024-06-12 09:00,M-01,78.63,1.911,102.39,1503.0,0
2024-06-12 10:00,M-01,78.64,2.742,101.27,1529.0,0
2024-06-12 11:00,M-01,,1.924,102.73,1551.0,0
2024-06-12 12:00,M-01,76.61,1.411,102.01,1495.0,0
2024-06-12 13:00,M-01,77.16,2.104,99.64,1457.0,0
2024-06-12 14:00,M-01,75.3,2.398,99.75,1479.0,0
2024-06-12 15:00,M-01,75.69,2.476,101.28,1555.0,0
2024-06-12 16:00,M-01,74.65,2.09,99.96,1440.0,0
2024-06-12 17:00,M-01,73.8,1.88,103.42,1419.0,0
2024-06-12 18:00,M-01,76.03,2.63,98.98,1441.0,0
2024-06-12 19:00,M-01,74.67,2.428,100.08,1493.0,0
2024-06-12 20:00,M-01,73.94,1.888,99.35,1507.0,0
2024-06-12 21:00,M-01,75.93,1.837,103.06,1515.0,0
2024-06-12 22:00,M-01,74.93,2.252,103.86,1559.0,0
2024-06-12 23:00,M-01,75.08,2.554,98.98,1435.0,0
2024-06-13 00:00,M-01,76.83,2.107,101.0,1485.0,0
2024-06-13 01:00,M-01,76.16,1.942,101.16,1496.0,0
2024-06-13 02:00,M-01,80.98,1.584,98.53,1476.0,0
2024-06-13 03:00,M-01,80.21,2.37,103.28,1531.0,0
2024-06-13 04:00,M-01,79.97,2.202,97.66,1558.0,0
2024-06-13 05:00,M-01,79.89,1.942,101.21,1443.0,0
2024-06-13 06:00,M-01,82.1,2.688,101.27,1524.0,0
2024-06-13 07:00,M-01,82.01,2.921,100.32,1453.0,0
2024-06-13 08:00,M-01,81.66,2.361,101.88,1529.0,0
2024-06-13 09:00,M-01,80.56,2.279,102.41,1513.0,0
2024-06-13 10:00,M-01,106.36,6.359,98.4,1475.0,1
2024-06-13 11:00,M-01,79.57,2.144,99.94,1455.0,0
2024-06-13 12:00,M-01,78.44,1.698,102.92,1509.0,0
2024-06-13 13:00,M-01,78.11,,99.2,1521.0,0
2024-06-13 14:00,M-01,76.06,2.055,100.55,1569.0,0
2024-06-13 15:00,M-01,76.64,1.526,98.49,1495.0,0
2024-06-13 16:00,M-01,74.84,1.67,98.21,1438.0,0
2024-06-13 17:00,M-01,77.89,2.205,98.79,1539.0,0
2024-06-13 18:00,M-01,74.88,1.877,100.65,1525.0,0
2024-06-13 19:00,M-01,77.04,2.118,100.69,1501.0,0
2024-06-13 20:00,M-01,77.33,2.142,103.07,1523.0,0
2024-06-13 21:00,M-01,76.09,2.335,99.74,1494.0,0
2024-06-13 22:00,M-01,79.09,1.908,101.11,1605.0,0
2024-06-13 23:00,M-01,77.58,2.304,102.57,1471.0,0
2024-06-14 00:00,M-01,78.25,2.148,99.98,1455.0,0
2024-06-14 01:00,M-01,82.32,2.079,101.72,1525.0,0
2024-06-14 02:00,M-01,79.53,2.782,101.12,1571.0,0
2024-06-14 03:00,M-01,82.27,2.646,100.51,1455.0,0
2024-06-14 04:00,M-01,81.48,2.064,101.26,1473.0,0
2024-06-14 05:00,M-01,83.21,2.077,102.28,1446.0,0
2024-06-14 06:00,M-01,82.48,2.535,100.86,1506.0,0
2024-06-14 07:00,M-01,84.1,1.874,99.42,1508.0,0
2024-06-14 08:00,M-01,81.86,2.595,98.6,1492.0,1
2024-06-14 09:00,M-01,80.49,2.433,100.71,1460.0,0
2024-06-14 10:00,M-01,81.79,2.239,101.04,1507.0,0
2024-06-14 11:00,M-01,,2.86,99.62,1545.0,0
2024-06-14 12:00,M-01,78.96,2.095,101.15,1527.0,0
2024-06-14 13:00,M-01,76.75,1.691,102.22,1591.0,0
2024-06-14 14:00,M-01,78.99,2.398,101.36,1512.0,0
2024-06-14 15:00,M-01,76.25,2.661,103.65,1543.0,0
2024-06-14 16:00,M-01,76.77,2.523,102.52,1499.0,0
2024-06-14 17:00,M-01,76.98,2.059,102.95,1469.0,0
2024-06-14 18:00,M-01,75.42,2.56,102.64,1446.0,0
2024-06-14 19:00,M-01,78.54,1.75,104.37,1453.0,0
2024-06-14 20:00,M-01,77.99,2.05,102.1,1528.0,0
2024-06-14 21:00,M-01,77.38,2.028,102.82,1504.0,0
2024-06-14 22:00,M-01,78.06,1.801,100.13,1540.0,0
2024-06-14 23:00,M-01,81.39,2.057,101.77,1493.0,0
2024-06-01 00:00,M-02,63.94,1.64,104.06,1527.0,0
2024-06-01 01:00,M-02,64.91,2.39,99.63,1476.0,0
2024-06-01 02:00,M-02,67.47,1.543,105.36,1469.0,0
2024-06-01 03:00,M-02,66.77,2.103,99.82,1478.0,0
2024-06-01 04:00,M-02,67.77,2.151,102.1,1598.0,0
2024-06-01 05:00,M-02,67.19,2.017,102.16,1513.0,0
2024-06-01 06:00,M-02,67.27,2.474,99.73,1479.0,0
2024-06-01 07:00,M-02,66.88,1.383,101.62,1563.0,0
2024-06-01 08:00,M-02,69.66,1.65,100.99,1613.0,0
2024-06-01 09:00,M-02,69.0,,99.82,1497.0,0
2024-06-01 10:00,M-02,69.45,2.053,101.47,1551.0,0
2024-06-01 11:00,M-02,66.1,2.176,101.77,1548.0,0
2024-06-01 12:00,M-02,64.65,1.995,100.46,1513.0,0
2024-06-01 13:00,M-02,63.89,1.985,100.81,1474.0,0
2024-06-01 14:00,M-02,63.57,1.372,99.6,1479.0,0
2024-06-01 15:00,M-02,65.12,1.997,100.92,1544.0,0
2024-06-01 16:00,M-02,65.2,2.337,101.39,1546.0,0
2024-06-01 17:00,M-02,61.24,1.44,98.06,1547.0,0
2024-06-01 18:00,M-02,62.73,2.133,98.2,1534.0,0
2024-06-01 19:00,M-02,61.28,2.662,102.03,1495.0,0
2024-06-01 20:00,M-02,63.9,1.84,,1516.0,0
2024-06-01 21:00,M-02,62.39,2.147,100.83,1452.0,0
2024-06-01 22:00,M-02,65.14,1.79,103.47,1495.0,0
2024-06-01 23:00,M-02,63.86,1.965,98.97,1579.0,0
2024-06-02 00:00,M-02,65.21,1.917,101.92,1522.0,0
2024-06-02 01:00,M-02,66.38,1.921,102.38,1484.0,0
2024-06-02 02:00,M-02,66.99,1.949,99.69,1436.0,0
2024-06-02 03:00,M-02,64.44,1.943,102.94,1478.0,0
2024-06-02 04:00,M-02,69.47,2.078,101.04,1498.0,0
2024-06-02 05:00,M-02,68.98,2.283,101.31,1471.0,0
2024-06-02 06:00,M-02,70.17,1.596,104.62,1491.0,0
2024-06-02 07:00,M-02,67.92,2.039,100.54,1522.0,0
2024-06-02 08:00,M-02,,1.948,,1486.0,0
2024-06-02 09:00,M-02,67.58,2.315,98.16,1488.0,0
2024-06-02 10:00,M-02,66.28,1.858,102.06,1539.0,0
2024-06-02 11:00,M-02,65.49,2.006,100.68,1542.0,0
2024-06-02 12:00,M-02,67.19,2.215,103.36,1568.0,0
2024-06-02 13:00,M-02,63.19,1.891,102.96,1525.0,0
2024-06-02 14:00,M-02,62.59,2.095,100.13,1493.0,0
2024-06-02 15:00,M-02,65.43,1.932,102.31,1466.0,0
2024-06-02 16:00,M-02,65.38,1.692,,1479.0,0
2024-06-02 17:00,M-02,60.32,2.184,101.6,1485.0,0
2024-06-02 18:00,M-02,63.01,2.091,102.59,1472.0,0
2024-06-02 19:00,M-02,61.77,2.308,99.63,1506.0,0
2024-06-02 20:00,M-02,62.4,2.201,100.17,1526.0,0
2024-06-02 21:00,M-02,63.45,2.018,102.31,1580.0,0
2024-06-02 22:00,M-02,64.26,1.971,102.63,1488.0,0
2024-06-02 23:00,M-02,67.71,1.777,102.25,1452.0,0
2024-06-03 00:00,M-02,64.23,1.802,100.13,1482.0,0
2024-06-03 01:00,M-02,68.06,1.857,100.18,1570.0,0
2024-06-03 02:00,M-02,66.19,2.3,,1498.0,0
2024-06-03 03:00,M-02,68.03,2.38,102.38,1455.0,0
2024-06-03 04:00,M-02,68.77,2.088,100.42,1581.0,0
2024-06-03 05:00,M-02,69.01,2.018,100.98,1514.0,0
2024-06-03 06:00,M-02,68.56,2.217,102.9,1467.0,0
2024-06-03 07:00,M-02,69.03,2.461,100.39,1540.0,0
2024-06-03 08:00,M-02,66.63,,99.11,1481.0,0
2024-06-03 09:00,M-02,,1.482,101.19,1579.0,0
2024-06-03 10:00,M-02,67.17,2.191,98.51,1458.0,0
2024-06-03 11:00,M-02,67.49,1.457,100.24,1517.0,0
2024-06-03 12:00,M-02,68.47,1.778,100.59,1522.0,0
2024-06-03 13:00,M-02,,2.434,103.68,1457.0,0
2024-06-03 14:00,M-02,67.05,1.798,103.5,1449.0,0
2024-06-03 15:00,M-02,64.76,1.658,101.28,1517.0,0
2024-06-03 16:00,M-02,61.15,1.68,104.04,1533.0,0
2024-06-03 17:00,M-02,65.01,2.648,105.57,1516.0,0
2024-06-03 18:00,M-02,61.31,1.211,100.53,1547.0,0
2024-06-03 19:00,M-02,64.9,2.005,104.11,1516.0,0
2024-06-03 20:00,M-02,62.47,2.226,99.44,1512.0,0
2024-06-03 21:00,M-02,61.91,2.404,102.24,1449.0,0
2024-06-03 22:00,M-02,65.43,2.267,99.92,1412.0,0
2024-06-03 23:00,M-02,63.27,1.864,99.51,1491.0,0
2024-06-04 00:00,M-02,64.67,2.182,100.83,1539.0,0
2024-06-04 01:00,M-02,67.76,1.305,99.32,1414.0,0
2024-06-04 02:00,M-02,65.68,1.849,100.2,1540.0,0
2024-06-04 03:00,M-02,70.45,,100.77,1507.0,0
2024-06-04 04:00,M-02,65.67,1.674,102.17,1518.0,0
2024-06-04 05:00,M-02,69.13,2.217,102.25,1513.0,0
2024-06-04 06:00,M-02,68.88,1.985,101.7,1517.0,0
2024-06-04 07:00,M-02,67.77,1.76,104.04,1501.0,0
2024-06-04 08:00,M-02,70.1,2.003,99.63,1502.0,0
2024-06-04 09:00,M-02,68.16,,100.18,1516.0,0
2024-06-04 10:00,M-02,67.86,2.119,100.9,1489.0,0
2024-06-04 11:00,M-02,64.68,1.82,102.36,1447.0,0
2024-06-04 12:00,M-02,64.74,1.737,101.59,1505.0,0
2024-06-04 13:00,M-02,64.28,1.809,100.25,1543.0,0
2024-06-04 14:00,M-02,63.83,1.966,101.13,1495.0,0
2024-06-04 15:00,M-02,61.91,1.267,100.82,1473.0,0
2024-06-04 16:00,M-02,63.04,2.156,102.58,1437.0,0
2024-06-04 17:00,M-02,63.56,2.2,98.53,1542.0,0
2024-06-04 18:00,M-02,64.56,1.959,101.01,1529.0,0
2024-06-04 19:00,M-02,63.46,2.904,101.41,1449.0,0
2024-06-04 20:00,M-02,63.85,1.296,99.7,1468.0,0
2024-06-04 21:00,M-02,63.57,1.651,100.99,1487.0,0
2024-06-04 22:00,M-02,63.21,1.722,99.66,1446.0,0
2024-06-04 23:00,M-02,68.11,2.621,99.67,1489.0,0
2024-06-05 00:00,M-02,66.08,2.026,,1520.0,0
2024-06-05 01:00,M-02,65.54,1.369,100.02,1415.0,0
2024-06-05 02:00,M-02,69.36,2.104,102.94,1444.0,0
2024-06-05 03:00,M-02,66.69,,101.0,1438.0,0
2024-06-05 04:00,M-02,69.04,2.546,102.11,1491.0,0
2024-06-05 05:00,M-02,68.6,1.708,101.92,1468.0,0
2024-06-05 06:00,M-02,68.77,2.466,99.2,1461.0,0
2024-06-05 07:00,M-02,68.28,2.135,99.16,1543.0,0
2024-06-05 08:00,M-02,67.27,1.741,101.32,1483.0,0
2024-06-05 09:00,M-02,67.17,1.862,102.16,1449.0,0
2024-06-05 10:00,M-02,67.72,2.301,102.14,1450.0,0
2024-06-05 11:00,M-02,67.37,2.022,100.22,1497.0,0
2024-06-05 12:00,M-02,67.13,1.92,101.18,1512.0,0
2024-06-05 13:00,M-02,66.45,1.721,100.41,1441.0,0
2024-06-05 14:00,M-02,64.5,1.695,101.56,1508.0,0
2024-06-05 15:00,M-02,67.27,2.035,100.77,1472.0,0
2024-06-05 16:00,M-02,64.42,1.316,101.29,1509.0,0
2024-06-05 17:00,M-02,63.8,1.679,99.99,1476.0,0
2024-06-05 18:00,M-02,66.09,2.183,103.1,1547.0,0
2024-06-05 19:00,M-02,64.54,1.784,103.02,,0
2024-06-05 20:00,M-02,62.81,2.297,100.46,1526.0,0
2024-06-05 21:00,M-02,,2.295,103.13,1483.0,0
2024-06-05 22:00,M-02,66.62,1.325,101.96,1474.0,0
2024-06-05 23:00,M-02,66.77,1.685,100.41,1551.0,0
2024-06-06 00:00,M-02,67.64,1.877,101.14,1548.0,0
2024-06-06 01:00,M-02,65.59,1.774,100.41,1382.0,0
2024-06-06 02:00,M-02,70.73,1.647,101.97,1494.0,0
2024-06-06 03:00,M-02,69.41,1.897,100.81,1450.0,0
2024-06-06 04:00,M-02,72.08,2.008,100.01,1491.0,0
2024-06-06 05:00,M-02,69.86,1.491,98.79,1453.0,0
2024-06-06 06:00,M-02,68.68,2.249,102.48,1469.0,0
2024-06-06 07:00,M-02,68.55,1.968,100.62,,0
2024-06-06 08:00,M-02,70.84,1.854,98.93,1504.0,0
2024-06-06 09:00,M-02,67.64,2.212,,1553.0,0
2024-06-06 10:00,M-02,70.07,1.96,104.36,1550.0,0
2024-06-06 11:00,M-02,68.37,1.665,103.6,1511.0,0
2024-06-06 12:00,M-02,65.76,1.767,101.85,1540.0,0
2024-06-06 13:00,M-02,65.96,2.16,102.61,1523.0,0
2024-06-06 14:00,M-02,66.29,1.58,103.11,1512.0,0
2024-06-06 15:00,M-02,65.87,1.887,98.65,1531.0,0
2024-06-06 16:00,M-02,63.62,1.903,102.22,1493.0,0
2024-06-06 17:00,M-02,64.1,1.869,102.5,1546.0,0
2024-06-06 18:00,M-02,63.62,1.959,100.55,1448.0,0
2024-06-06 19:00,M-02,63.81,2.454,,1483.0,0
2024-06-06 20:00,M-02,67.53,1.485,101.65,1500.0,0
2024-06-06 21:00,M-02,65.29,1.866,102.67,1533.0,0
2024-06-06 22:00,M-02,66.15,2.196,96.56,1455.0,0
2024-06-06 23:00,M-02,66.58,2.038,95.75,1395.0,0
2024-06-07 00:00,M-02,66.74,1.77,99.52,1522.0,0
2024-06-07 01:00,M-02,66.21,2.528,99.75,1520.0,0
2024-06-07 02:00,M-02,69.06,2.112,101.6,1524.0,0
2024-06-07 03:00,M-02,69.18,1.529,99.25,,0
2024-06-07 04:00,M-02,70.41,2.237,102.39,1459.0,0
2024-06-07 05:00,M-02,71.18,1.745,100.46,1498.0,0
2024-06-07 06:00,M-02,71.34,2.412,98.16,1426.0,0
2024-06-07 07:00,M-02,68.84,2.125,100.67,1514.0,0
2024-06-07 08:00,M-02,68.98,2.327,100.27,1443.0,0
2024-06-07 09:00,M-02,,2.71,102.69,1480.0,0
2024-06-07 10:00,M-02,70.38,1.945,102.29,1521.0,0
2024-06-07 11:00,M-02,66.49,1.629,100.18,1481.0,0
2024-06-07 12:00,M-02,,1.879,100.67,1467.0,0
2024-06-07 13:00,M-02,65.92,2.425,100.61,1470.0,0
2024-06-07 14:00,M-02,66.18,1.895,100.24,1450.0,0
2024-06-07 15:00,M-02,64.19,2.383,101.78,1521.0,0
2024-06-07 16:00,M-02,64.44,1.61,101.28,1511.0,0
2024-06-07 17:00,M-02,64.18,2.016,104.48,1535.0,0
2024-06-07 18:00,M-02,62.36,,100.1,1510.0,0
2024-06-07 19:00,M-02,63.5,2.103,,1428.0,0
2024-06-07 20:00,M-02,60.9,1.863,100.62,1553.0,0
2024-06-07 21:00,M-02,65.72,1.767,101.27,1510.0,0
2024-06-07 22:00,M-02,65.03,2.121,100.78,1520.0,0
2024-06-07 23:00,M-02,67.45,2.289,101.48,1578.0,0
2024-06-08 00:00,M-02,68.83,2.456,102.41,1519.0,0
2024-06-08 01:00,M-02,68.36,2.334,99.46,1431.0,0
2024-06-08 02:00,M-02,68.22,1.718,101.38,1513.0,0
2024-06-08 03:00,M-02,71.03,2.023,103.02,1509.0,0
2024-06-08 04:00,M-02,71.14,2.155,102.84,,0
2024-06-08 05:00,M-02,69.24,1.844,102.73,1550.0,0
2024-06-08 06:00,M-02,70.59,1.954,100.72,1480.0,0
2024-06-08 07:00,M-02,70.99,2.278,102.28,1598.0,0
2024-06-08 08:00,M-02,,3.046,104.01,1550.0,0
2024-06-08 09:00,M-02,70.79,2.138,105.23,1453.0,0
2024-06-08 10:00,M-02,68.82,1.876,102.21,1499.0,0
2024-06-08 11:00,M-02,68.64,1.814,101.29,1544.0,0
2024-06-08 12:00,M-02,68.35,1.94,101.79,1487.0,0
2024-06-08 13:00,M-02,65.99,2.384,103.74,1541.0,0
2024-06-08 14:00,M-02,90.44,6.276,101.62,1477.0,1
2024-06-08 15:00,M-02,67.06,1.535,100.83,1490.0,0
2024-06-08 16:00,M-02,68.08,2.256,100.72,1609.0,0
2024-06-08 17:00,M-02,64.77,1.504,100.17,1533.0,0
2024-06-08 18:00,M-02,63.62,2.113,104.65,1509.0,0
2024-06-08 19:00,M-02,67.43,2.145,101.78,1564.0,0
2024-06-08 20:00,M-02,65.05,1.9,100.3,1482.0,0
2024-06-08 21:00,M-02,66.53,1.748,100.43,1515.0,0
2024-06-08 22:00,M-02,65.79,1.352,102.4,1555.0,0
2024-06-08 23:00,M-02,67.65,2.294,99.21,1467.0,0
2024-06-09 00:00,M-02,69.3,1.422,100.59,1526.0,0
2024-06-09 01:00,M-02,71.45,2.27,99.47,1473.0,0
2024-06-09 02:00,M-02,69.62,1.904,101.63,1511.0,0
2024-06-09 03:00,M-02,69.13,,102.58,1558.0,0
2024-06-09 04:00,M-02,70.47,1.394,101.54,1497.0,0
2024-06-09 05:00,M-02,71.96,,100.69,1474.0,0
2024-06-09 06:00,M-02,,2.26,99.53,1483.0,0
2024-06-09 07:00,M-02,68.86,,100.03,1475.0,0
2024-06-09 08:00,M-02,71.52,2.054,101.62,1468.0,0
2024-06-09 09:00,M-02,70.79,2.376,101.13,1457.0,0
2024-06-09 10:00,M-02,69.9,2.166,99.71,1456.0,0
2024-06-09 11:00,M-02,71.34,1.935,101.94,1418.0,0
2024-06-09 12:00,M-02,68.19,1.919,101.46,1480.0,0
2024-06-09 13:00,M-02,66.62,2.675,98.78,1446.0,0
2024-06-09 14:00,M-02,66.26,2.134,100.69,1410.0,0
2024-06-09 15:00,M-02,64.88,1.661,,1499.0,0
2024-06-09 16:00,M-02,65.36,1.97,100.46,1531.0,0
2024-06-09 17:00,M-02,64.34,1.903,,1488.0,0
2024-06-09 18:00,M-02,64.8,1.684,101.23,1574.0,0
2024-06-09 19:00,M-02,65.83,2.145,100.57,1536.0,0
2024-06-09 20:00,M-02,,1.673,104.11,1489.0,0
2024-06-09 21:00,M-02,,2.166,99.7,1543.0,0
2024-06-09 22:00,M-02,67.52,2.412,100.51,1477.0,0
2024-06-09 23:00,M-02,,2.386,102.23,1499.0,0
2024-06-10 00:00,M-02,68.69,1.591,100.79,1403.0,0
2024-06-10 01:00,M-02,,2.488,99.8,1439.0,0
2024-06-10 02:00,M-02,71.21,2.46,101.65,1508.0,0
2024-06-10 03:00,M-02,70.08,2.332,101.21,,0
2024-06-10 04:00,M-02,71.32,2.898,102.12,1442.0,0
2024-06-10 05:00,M-02,70.1,2.261,102.76,,0
2024-06-10 06:00,M-02,69.78,1.953,,1442.0,0
2024-06-10 07:00,M-02,73.27,2.609,101.96,1453.0,0
2024-06-10 08:00,M-02,70.5,2.074,101.2,1459.0,0
2024-06-10 09:00,M-02,69.98,1.85,104.78,1548.0,0
2024-06-10 10:00,M-02,,2.398,99.47,1512.0,0
2024-06-10 11:00,M-02,68.78,2.128,99.94,1550.0,0
2024-06-10 12:00,M-02,67.73,2.229,99.24,1477.0,0
2024-06-10 13:00,M-02,70.04,2.098,102.81,1555.0,0
2024-06-10 14:00,M-02,66.33,2.031,98.36,1487.0,0
2024-06-10 15:00,M-02,66.81,,103.79,1459.0,0
2024-06-10 16:00,M-02,65.67,2.224,101.68,1512.0,0
2024-06-10 17:00,M-02,64.89,,102.21,1487.0,0
2024-06-10 18:00,M-02,64.92,1.57,,1524.0,0
2024-06-10 19:00,M-02,66.37,1.975,102.56,1445.0,0
2024-06-10 20:00,M-02,65.65,2.171,101.19,1572.0,0
2024-06-10 21:00,M-02,64.33,2.229,102.84,1543.0,0
2024-06-10 22:00,M-02,,2.153,98.94,1480.0,0
2024-06-10 23:00,M-02,68.65,2.286,102.92,1434.0,0
2024-06-11 00:00,M-02,69.58,1.808,98.98,1526.0,0
2024-06-11 01:00,M-02,70.77,2.585,101.94,1561.0,0
2024-06-11 02:00,M-02,69.43,2.016,100.85,1510.0,0
2024-06-11 03:00,M-02,71.59,2.085,101.6,1444.0,0
2024-06-11 04:00,M-02,75.78,2.513,99.18,1506.0,0
2024-06-11 05:00,M-02,71.23,1.91,100.09,1486.0,0
2024-06-11 06:00,M-02,72.3,2.525,103.69,1450.0,0
2024-06-11 07:00,M-02,,2.349,100.84,1464.0,0
2024-06-11 08:00,M-02,71.22,2.29,101.05,1500.0,0
2024-06-11 09:00,M-02,71.08,2.412,100.15,1487.0,0
2024-06-11 10:00,M-02,71.38,2.232,99.53,1485.0,0
2024-06-11 11:00,M-02,69.47,,102.22,1487.0,0
2024-06-11 12:00,M-02,69.4,,100.52,1556.0,0
2024-06-11 13:00,M-02,66.24,2.119,99.13,1567.0,0
2024-06-11 14:00,M-02,66.74,1.908,100.42,1516.0,0
2024-06-11 15:00,M-02,66.93,2.287,100.37,1474.0,0
2024-06-11 16:00,M-02,67.34,2.225,100.63,1565.0,0
2024-06-11 17:00,M-02,64.2,1.988,100.95,1448.0,0
2024-06-11 18:00,M-02,66.3,2.111,99.11,1500.0,0
2024-06-11 19:00,M-02,65.24,2.116,101.17,1482.0,0
2024-06-11 20:00,M-02,64.33,1.698,,1503.0,0
2024-06-11 21:00,M-02,66.09,1.895,101.73,1508.0,0
2024-06-11 22:00,M-02,67.68,1.845,102.13,1503.0,0
2024-06-11 23:00,M-02,65.79,2.181,102.53,1521.0,0
2024-06-12 00:00,M-02,68.05,1.651,100.73,1511.0,0
2024-06-12 01:00,M-02,69.06,1.975,101.08,1483.0,0
2024-06-12 02:00,M-02,70.96,2.22,103.83,1424.0,0
2024-06-12 03:00,M-02,72.08,1.806,101.42,1545.0,0
2024-06-12 04:00,M-02,72.46,2.07,99.43,1486.0,0
2024-06-12 05:00,M-02,70.31,,100.05,1494.0,0
2024-06-12 06:00,M-02,69.57,2.132,100.31,1505.0,0
2024-06-12 07:00,M-02,71.04,2.126,99.25,1458.0,0
2024-06-12 08:00,M-02,71.95,2.531,100.94,1476.0,0
2024-06-12 09:00,M-02,68.98,2.091,102.84,1549.0,0
2024-06-12 10:00,M-02,68.65,1.743,98.19,1505.0,0
2024-06-12 11:00,M-02,,2.066,103.76,1537.0,0
2024-06-12 12:00,M-02,71.59,1.784,100.11,1524.0,0
2024-06-12 13:00,M-02,67.76,2.117,101.75,1539.0,0
2024-06-12 14:00,M-02,68.38,2.094,105.81,1552.0,0
2024-06-12 15:00,M-02,65.6,1.977,102.17,1488.0,0
2024-06-12 16:00,M-02,66.46,1.934,102.11,1464.0,0
2024-06-12 17:00,M-02,63.15,1.906,,1551.0,0
2024-06-12 18:00,M-02,64.66,1.577,103.39,1486.0,0
2024-06-12 19:00,M-02,84.19,4.423,102.41,1483.0,0
2024-06-12 20:00,M-02,66.08,2.345,99.79,1510.0,0
2024-06-12 21:00,M-02,68.4,2.18,100.89,1540.0,0
2024-06-12 22:00,M-02,69.73,2.281,102.8,1573.0,0
2024-06-12 23:00,M-02,68.3,2.71,103.08,1536.0,0
2024-06-13 00:00,M-02,68.13,2.044,98.48,1559.0,0
2024-06-13 01:00,M-02,69.8,2.052,98.42,1498.0,0
2024-06-13 02:00,M-02,69.23,1.628,100.43,1539.0,0
2024-06-13 03:00,M-02,71.16,2.26,100.83,1514.0,0
2024-06-13 04:00,M-02,72.97,2.333,100.11,1473.0,0
2024-06-13 05:00,M-02,71.6,1.947,100.1,1511.0,0
2024-06-13 06:00,M-02,70.35,1.3,99.27,1565.0,0
2024-06-13 07:00,M-02,73.66,2.189,102.58,1519.0,0
2024-06-13 08:00,M-02,71.65,2.017,101.73,1503.0,0
2024-06-13 09:00,M-02,71.91,2.425,100.16,1532.0,0
2024-06-13 10:00,M-02,69.31,1.89,102.67,1485.0,0
2024-06-13 11:00,M-02,67.67,1.985,103.16,1391.0,0
2024-06-13 12:00,M-02,69.49,1.985,100.19,1490.0,0
2024-06-13 13:00,M-02,69.01,2.411,100.61,1510.0,0
2024-06-13 14:00,M-02,68.85,2.092,103.04,1556.0,0
2024-06-13 15:00,M-02,67.5,1.706,99.9,1514.0,0
2024-06-13 16:00,M-02,66.48,2.343,100.64,1512.0,0
2024-06-13 17:00,M-02,66.67,2.295,100.57,1517.0,0
2024-06-13 18:00,M-02,65.64,1.894,100.37,1479.0,0
2024-06-13 19:00,M-02,66.59,2.191,100.49,1512.0,0
2024-06-13 20:00,M-02,67.62,2.384,101.15,1467.0,0
2024-06-13 21:00,M-02,67.68,2.346,100.72,1508.0,0
2024-06-13 22:00,M-02,67.17,1.496,99.35,1457.0,0
2024-06-13 23:00,M-02,68.61,2.094,100.93,1484.0,0
2024-06-14 00:00,M-02,68.77,2.006,100.49,1462.0,0
2024-06-14 01:00,M-02,68.9,1.731,101.4,1506.0,0
2024-06-14 02:00,M-02,70.06,1.902,101.87,1446.0,0
2024-06-14 03:00,M-02,72.21,2.154,100.27,1529.0,0
2024-06-14 04:00,M-02,71.15,2.609,102.58,1484.0,0
2024-06-14 05:00,M-02,74.01,2.225,100.24,1508.0,0
2024-06-14 06:00,M-02,74.71,2.156,101.32,1472.0,0
2024-06-14 07:00,M-02,70.86,2.42,100.76,1502.0,0
2024-06-14 08:00,M-02,70.19,2.247,102.78,1579.0,0
2024-06-14 09:00,M-02,72.83,2.484,102.42,1429.0,0
2024-06-14 10:00,M-02,70.63,2.389,101.43,1518.0,0
2024-06-14 11:00,M-02,71.63,2.42,100.49,1534.0,0
2024-06-14 12:00,M-02,71.99,2.618,97.79,1461.0,0
2024-06-14 13:00,M-02,67.06,2.029,103.21,1530.0,0
2024-06-14 14:00,M-02,67.81,1.163,99.67,1515.0,0
2024-06-14 15:00,M-02,69.13,,99.63,1545.0,0
2024-06-14 16:00,M-02,66.25,2.088,102.52,1570.0,0
2024-06-14 17:00,M-02,67.68,2.186,99.11,1526.0,0
2024-06-14 18:00,M-02,66.06,2.107,100.57,1537.0,0
2024-06-14 19:00,M-02,66.39,1.816,100.22,1519.0,0
2024-06-14 20:00,M-02,,2.09,100.42,1496.0,0
2024-06-14 21:00,M-02,68.06,1.949,103.19,1421.0,0
2024-06-14 22:00,M-02,69.38,2.271,98.6,1528.0,0
2024-06-14 23:00,M-02,90.87,5.927,100.39,1517.0,1
2024-06-01 00:00,M-03,64.28,,102.58,1483.0,0
2024-06-01 01:00,M-03,67.01,2.278,97.62,1499.0,0
2024-06-01 02:00,M-03,68.41,2.48,100.22,1457.0,0
2024-06-01 03:00,M-03,68.31,2.642,101.24,1499.0,0
2024-06-01 04:00,M-03,68.92,2.306,101.63,1567.0,0
2024-06-01 05:00,M-03,68.8,1.829,100.98,1524.0,0
2024-06-01 06:00,M-03,68.18,2.28,103.37,1468.0,0
2024-06-01 07:00,M-03,66.41,1.756,101.03,1500.0,0
2024-06-01 08:00,M-03,67.85,1.948,102.73,1464.0,0
2024-06-01 09:00,M-03,68.49,2.07,101.74,1516.0,0
2024-06-01 10:00,M-03,68.83,2.086,102.42,1510.0,0
2024-06-01 11:00,M-03,65.9,2.478,102.53,1494.0,0
2024-06-01 12:00,M-03,64.07,2.281,103.02,1507.0,0
2024-06-01 13:00,M-03,65.74,1.758,100.47,1580.0,0
2024-06-01 14:00,M-03,63.27,1.906,100.31,,0
2024-06-01 15:00,M-03,64.34,1.342,102.9,1459.0,0
2024-06-01 16:00,M-03,63.28,1.641,103.02,1523.0,0
2024-06-01 17:00,M-03,61.34,2.577,99.44,1523.0,0
2024-06-01 18:00,M-03,63.84,1.905,101.4,1502.0,0
2024-06-01 19:00,M-03,64.9,2.337,102.54,1467.0,0
2024-06-01 20:00,M-03,64.31,1.868,99.02,1495.0,0
2024-06-01 21:00,M-03,64.75,2.524,100.91,1435.0,0
2024-06-01 22:00,M-03,64.61,1.763,,1475.0,0
2024-06-01 23:00,M-03,67.72,1.816,102.24,1519.0,0
2024-06-02 00:00,M-03,66.38,1.898,103.03,1516.0,0
2024-06-02 01:00,M-03,66.07,1.78,100.28,1474.0,0
2024-06-02 02:00,M-03,66.86,1.627,102.03,1539.0,0
2024-06-02 03:00,M-03,68.82,2.086,101.6,1545.0,0
2024-06-02 04:00,M-03,67.49,2.027,103.73,1493.0,0
2024-06-02 05:00,M-03,70.52,2.208,101.85,1382.0,0
2024-06-02 06:00,M-03,70.08,2.2,100.72,1427.0,0
2024-06-02 07:00,M-03,69.53,2.068,99.96,1512.0,0
2024-06-02 08:00,M-03,68.35,2.569,101.08,1494.0,0
2024-06-02 09:00,M-03,67.85,2.198,103.14,1493.0,0
2024-06-02 10:00,M-03,66.39,2.089,102.48,1544.0,0
2024-06-02 11:00,M-03,,1.794,102.26,1502.0,0
2024-06-02 12:00,M-03,65.42,2.002,100.07,1556.0,0
2024-06-02 13:00,M-03,67.77,2.131,102.43,1494.0,0
2024-06-02 14:00,M-03,63.54,1.597,101.17,1456.0,0
2024-06-02 15:00,M-03,65.5,2.346,102.65,1527.0,0
2024-06-02 16:00,M-03,62.88,2.151,100.73,1536.0,0
2024-06-02 17:00,M-03,64.41,1.755,99.94,1507.0,0
2024-06-02 18:00,M-03,64.11,2.186,100.24,1475.0,0
2024-06-02 19:00,M-03,61.92,1.911,101.47,1482.0,0
2024-06-02 20:00,M-03,64.94,2.576,105.81,1480.0,0
2024-06-02 21:00,M-03,65.83,2.319,100.4,1497.0,0
2024-06-02 22:00,M-03,65.44,2.117,102.03,1486.0,0
2024-06-02 23:00,M-03,65.05,2.371,100.53,1462.0,0
2024-06-03 00:00,M-03,67.52,2.331,102.39,1524.0,0
2024-06-03 01:00,M-03,66.71,2.266,100.58,1545.0,0
2024-06-03 02:00,M-03,69.31,1.797,102.07,1527.0,0
2024-06-03 03:00,M-03,69.06,2.079,102.89,1616.0,0
2024-06-03 04:00,M-03,70.01,1.866,99.47,1546.0,0
2024-06-03 05:00,M-03,69.72,1.882,100.81,1431.0,0
2024-06-03 06:00,M-03,71.44,1.929,101.19,,0
2024-06-03 07:00,M-03,68.97,1.709,98.91,1517.0,0
2024-06-03 08:00,M-03,70.15,2.281,101.01,1467.0,0
2024-06-03 09:00,M-03,67.69,2.432,97.23,1571.0,0
2024-06-03 10:00,M-03,69.68,2.387,101.78,1497.0,0
2024-06-03 11:00,M-03,66.91,,99.15,1512.0,0
2024-06-03 12:00,M-03,,,100.53,1472.0,0
2024-06-03 13:00,M-03,65.97,1.71,101.1,1448.0,0
2024-06-03 14:00,M-03,66.61,2.255,102.1,1494.0,0
2024-06-03 15:00,M-03,65.74,1.918,99.13,1514.0,0
2024-06-03 16:00,M-03,65.27,1.817,100.85,1448.0,0
2024-06-03 17:00,M-03,65.28,1.837,101.57,1498.0,0
2024-06-03 18:00,M-03,64.28,1.943,102.71,1456.0,0
2024-06-03 19:00,M-03,64.49,2.173,104.04,1533.0,0
2024-06-03 20:00,M-03,64.4,2.392,101.52,1465.0,0
2024-06-03 21:00,M-03,64.2,1.719,100.66,1505.0,0
2024-06-03 22:00,M-03,67.09,1.749,103.16,1491.0,0
2024-06-03 23:00,M-03,65.75,2.542,100.69,1512.0,0
2024-06-04 00:00,M-03,67.0,1.757,100.53,1565.0,0
2024-06-04 01:00,M-03,69.46,1.923,101.49,1573.0,0
2024-06-04 02:00,M-03,67.37,1.651,103.39,1498.0,0
2024-06-04 03:00,M-03,69.84,,101.72,1480.0,0
2024-06-04 04:00,M-03,71.85,2.366,100.73,1445.0,0
2024-06-04 05:00,M-03,71.33,,101.16,1438.0,0
2024-06-04 06:00,M-03,72.78,2.166,99.34,1504.0,0
2024-06-04 07:00,M-03,69.67,2.169,100.82,1484.0,0
2024-06-04 08:00,M-03,70.01,2.466,102.88,1539.0,0
2024-06-04 09:00,M-03,70.21,1.995,102.94,1476.0,0
2024-06-04 10:00,M-03,69.59,2.345,100.32,1434.0,0
2024-06-04 11:00,M-03,68.81,1.709,99.41,1494.0,0
2024-06-04 12:00,M-03,69.05,2.4,102.1,1441.0,0
2024-06-04 13:00,M-03,69.29,2.532,97.43,1516.0,0
2024-06-04 14:00,M-03,67.84,2.607,101.16,1543.0,0
2024-06-04 15:00,M-03,67.05,2.212,100.85,1541.0,0
2024-06-04 16:00,M-03,62.56,2.304,100.01,1530.0,0
2024-06-04 17:00,M-03,65.43,2.194,100.07,,0
2024-06-04 18:00,M-03,62.91,2.004,100.9,1431.0,0
2024-06-04 19:00,M-03,64.64,2.165,99.76,1484.0,0
2024-06-04 20:00,M-03,66.57,1.945,103.11,1586.0,0
2024-06-04 21:00,M-03,65.33,1.731,98.75,1491.0,0
2024-06-04 22:00,M-03,64.75,2.025,103.13,1582.0,0
2024-06-04 23:00,M-03,68.21,1.794,98.13,1471.0,0
2024-06-05 00:00,M-03,70.13,2.427,103.72,1522.0,0
2024-06-05 01:00,M-03,68.27,2.115,101.4,1482.0,0
2024-06-05 02:00,M-03,69.61,2.212,100.25,1498.0,0
2024-06-05 03:00,M-03,72.36,1.919,101.19,1478.0,0
2024-06-05 04:00,M-03,72.05,2.422,103.43,1522.0,0
2024-06-05 05:00,M-03,71.16,2.402,100.8,1466.0,0
2024-06-05 06:00,M-03,70.73,1.954,,1475.0,0
2024-06-05 07:00,M-03,70.48,2.114,102.54,1527.0,0
2024-06-05 08:00,M-03,71.08,1.685,100.17,1537.0,0
2024-06-05 09:00,M-03,72.63,2.14,103.42,1512.0,0
2024-06-05 10:00,M-03,70.16,2.643,100.64,1536.0,0
2024-06-05 11:00,M-03,68.76,2.115,99.19,1451.0,0
2024-06-05 12:00,M-03,66.21,2.52,99.58,1436.0,0
2024-06-05 13:00,M-03,70.05,2.343,101.15,1495.0,0
2024-06-05 14:00,M-03,67.83,1.501,101.7,1546.0,0
2024-06-05 15:00,M-03,66.57,1.781,101.46,1493.0,0
2024-06-05 16:00,M-03,66.54,1.668,104.35,1459.0,0
2024-06-05 17:00,M-03,64.63,2.501,101.6,1481.0,0
2024-06-05 18:00,M-03,63.81,1.887,103.48,1506.0,0
2024-06-05 19:00,M-03,66.8,1.611,99.25,1498.0,0
2024-06-05 20:00,M-03,,,105.0,1402.0,0
2024-06-05 21:00,M-03,67.0,2.465,101.21,1518.0,0
2024-06-05 22:00,M-03,68.53,1.961,100.6,1460.0,0
2024-06-05 23:00,M-03,67.7,2.221,101.84,1567.0,0
2024-06-06 00:00,M-03,70.05,1.948,101.11,1556.0,0
2024-06-06 01:00,M-03,70.15,2.049,104.7,1512.0,0
2024-06-06 02:00,M-03,69.87,1.445,100.03,1539.0,0
2024-06-06 03:00,M-03,70.26,2.159,103.61,1513.0,0
2024-06-06 04:00,M-03,70.54,2.154,101.53,1511.0,0
2024-06-06 05:00,M-03,70.76,1.936,102.12,1541.0,0
2024-06-06 06:00,M-03,74.14,1.81,102.32,1478.0,0
2024-06-06 07:00,M-03,70.93,1.87,101.68,1502.0,0
2024-06-06 08:00,M-03,72.69,1.651,103.94,1553.0,0
2024-06-06 09:00,M-03,69.83,1.609,100.89,1492.0,0
2024-06-06 10:00,M-03,71.62,2.114,101.29,1540.0,0
2024-06-06 11:00,M-03,68.8,1.827,,,0
2024-06-06 12:00,M-03,71.56,2.725,101.56,1505.0,0
2024-06-06 13:00,M-03,68.23,1.748,101.78,1489.0,0
2024-06-06 14:00,M-03,69.05,2.137,99.95,1515.0,0
2024-06-06 15:00,M-03,67.3,2.288,98.96,1460.0,0
2024-06-06 16:00,M-03,67.02,1.776,100.26,1476.0,0
2024-06-06 17:00,M-03,68.25,1.788,99.5,,0
2024-06-06 18:00,M-03,64.95,2.68,99.63,1448.0,0
2024-06-06 19:00,M-03,,2.388,99.62,1504.0,0
2024-06-06 20:00,M-03,65.17,1.692,102.44,1519.0,0
2024-06-06 21:00,M-03,68.12,1.673,102.69,1487.0,0
2024-06-06 22:00,M-03,68.32,2.332,100.93,1459.0,0
2024-06-06 23:00,M-03,69.41,2.203,101.93,1484.0,0
2024-06-07 00:00,M-03,70.77,2.067,102.54,1511.0,0
2024-06-07 01:00,M-03,69.81,2.32,100.07,1416.0,0
2024-06-07 02:00,M-03,72.04,2.392,101.23,1450.0,0
2024-06-07 03:00,M-03,71.12,2.349,101.64,1470.0,0
2024-06-07 04:00,M-03,72.7,,103.67,1560.0,0
2024-06-07 05:00,M-03,72.34,2.311,101.11,1491.0,0
2024-06-07 06:00,M-03,73.48,2.094,103.46,1526.0,0
2024-06-07 07:00,M-03,72.09,1.792,98.19,1558.0,0
2024-06-07 08:00,M-03,,2.53,100.62,1506.0,0
2024-06-07 09:00,M-03,73.12,2.144,99.67,1557.0,0
2024-06-07 10:00,M-03,72.79,,101.35,1540.0,0
2024-06-07 11:00,M-03,69.34,1.955,102.23,1479.0,0
2024-06-07 12:00,M-03,70.97,1.981,101.04,1480.0,0
2024-06-07 13:00,M-03,67.14,2.32,98.77,1487.0,0
2024-06-07 14:00,M-03,70.06,2.243,99.21,1485.0,0
2024-06-07 15:00,M-03,69.35,1.799,101.99,1527.0,0
2024-06-07 16:00,M-03,66.76,2.039,102.01,1453.0,0
2024-06-07 17:00,M-03,69.88,2.507,102.04,1475.0,0
2024-06-07 18:00,M-03,68.36,2.101,100.26,1590.0,0
2024-06-07 19:00,M-03,65.66,2.425,103.71,1544.0,0
2024-06-07 20:00,M-03,66.31,1.989,103.25,1508.0,0
2024-06-07 21:00,M-03,68.72,2.459,102.18,1485.0,0
2024-06-07 22:00,M-03,67.57,1.998,99.96,1471.0,0
2024-06-07 23:00,M-03,68.88,2.067,100.02,1596.0,0
2024-06-08 00:00,M-03,69.57,2.063,103.03,1552.0,0
2024-06-08 01:00,M-03,71.55,2.391,102.8,1538.0,0
2024-06-08 02:00,M-03,70.89,1.689,101.34,1551.0,0
2024-06-08 03:00,M-03,,2.117,100.59,1545.0,0
2024-06-08 04:00,M-03,74.23,1.539,103.9,1523.0,0
2024-06-08 05:00,M-03,71.98,2.028,102.22,1493.0,0
2024-06-08 06:00,M-03,72.65,1.611,100.06,1546.0,0
2024-06-08 07:00,M-03,73.43,2.314,99.58,,0
2024-06-08 08:00,M-03,73.19,2.211,103.32,1450.0,0
2024-06-08 09:00,M-03,72.51,2.037,100.42,1546.0,0
2024-06-08 10:00,M-03,72.05,2.455,101.92,1541.0,0
2024-06-08 11:00,M-03,71.83,2.249,99.7,1555.0,0
2024-06-08 12:00,M-03,67.66,1.848,100.99,1489.0,0
2024-06-08 13:00,M-03,67.95,,102.96,1550.0,0
2024-06-08 14:00,M-03,69.64,1.864,102.14,1513.0,0
2024-06-08 15:00,M-03,68.74,2.384,102.04,1501.0,0
2024-06-08 16:00,M-03,68.05,2.319,100.99,,0
2024-06-08 17:00,M-03,67.95,1.778,103.29,1504.0,0
2024-06-08 18:00,M-03,68.95,1.778,100.26,1528.0,0
2024-06-08 19:00,M-03,66.17,1.784,100.75,1521.0,0
2024-06-08 20:00,M-03,67.88,2.803,102.44,1457.0,0
2024-06-08 21:00,M-03,67.59,2.873,,1479.0,0
2024-06-08 22:00,M-03,70.26,2.451,100.15,1496.0,0
2024-06-08 23:00,M-03,69.74,2.34,102.05,1537.0,0
2024-06-09 00:00,M-03,71.01,1.985,101.52,1389.0,0
2024-06-09 01:00,M-03,69.98,1.701,98.42,1447.0,0
2024-06-09 02:00,M-03,73.07,2.227,102.09,1514.0,0
2024-06-09 03:00,M-03,71.84,2.433,103.61,1510.0,0
2024-06-09 04:00,M-03,72.66,2.385,101.68,1440.0,0
2024-06-09 05:00,M-03,74.2,2.472,99.94,1431.0,0
2024-06-09 06:00,M-03,71.98,2.214,101.01,1533.0,0
2024-06-09 07:00,M-03,73.48,1.631,99.68,1531.0,0
2024-06-09 08:00,M-03,70.68,2.413,101.78,1541.0,0
2024-06-09 09:00,M-03,73.45,1.515,101.63,1510.0,0
2024-06-09 10:00,M-03,73.13,1.82,99.64,1464.0,0
2024-06-09 11:00,M-03,70.71,1.623,103.01,1510.0,0
2024-06-09 12:00,M-03,70.21,2.459,99.98,1534.0,0
2024-06-09 13:00,M-03,71.32,2.212,101.02,1541.0,0
2024-06-09 14:00,M-03,69.66,2.018,100.05,1499.0,0
2024-06-09 15:00,M-03,69.83,2.033,100.16,1484.0,0
2024-06-09 16:00,M-03,67.12,2.031,101.08,1482.0,0
2024-06-09 17:00,M-03,,2.181,100.15,1498.0,0
2024-06-09 18:00,M-03,68.04,1.846,102.47,1510.0,0
2024-06-09 19:00,M-03,70.11,1.828,100.52,1482.0,0
2024-06-09 20:00,M-03,68.01,1.81,102.29,1509.0,0
2024-06-09 21:00,M-03,70.58,2.123,104.43,1542.0,0
2024-06-09 22:00,M-03,71.37,2.017,102.58,1446.0,0
2024-06-09 23:00,M-03,70.93,2.073,98.5,1482.0,0
2024-06-10 00:00,M-03,73.49,2.283,99.01,1438.0,0
2024-06-10 01:00,M-03,71.31,2.158,,1466.0,0
2024-06-10 02:00,M-03,75.89,2.185,100.3,1498.0,0
2024-06-10 03:00,M-03,74.44,2.445,102.63,1503.0,0
2024-06-10 04:00,M-03,74.24,2.276,100.21,1594.0,0
2024-06-10 05:00,M-03,75.33,2.612,102.15,1452.0,0
2024-06-10 06:00,M-03,72.48,1.918,102.1,1517.0,0
2024-06-10 07:00,M-03,,2.273,100.95,1577.0,0
2024-06-10 08:00,M-03,73.9,2.169,103.8,1579.0,0
2024-06-10 09:00,M-03,73.19,2.214,98.23,1525.0,0
2024-06-10 10:00,M-03,75.35,2.59,100.83,1517.0,0
2024-06-10 11:00,M-03,70.69,1.988,99.97,1484.0,0
2024-06-10 12:00,M-03,69.85,2.08,103.05,1580.0,0
2024-06-10 13:00,M-03,71.68,2.101,102.08,1491.0,0
2024-06-10 14:00,M-03,70.56,2.314,101.99,1488.0,0
2024-06-10 15:00,M-03,69.61,2.721,102.32,1500.0,0
2024-06-10 16:00,M-03,69.5,2.371,,1585.0,0
2024-06-10 17:00,M-03,69.51,2.001,102.4,1399.0,0
2024-06-10 18:00,M-03,69.96,2.209,101.19,1460.0,0
2024-06-10 19:00,M-03,67.45,2.13,101.15,1446.0,0
2024-06-10 20:00,M-03,68.56,1.739,101.13,,0
2024-06-10 21:00,M-03,71.0,1.847,104.8,1535.0,0
2024-06-10 22:00,M-03,69.67,1.969,100.35,1532.0,0
2024-06-10 23:00,M-03,71.64,2.203,100.18,1484.0,0
2024-06-11 00:00,M-03,72.56,2.272,100.2,1521.0,0
2024-06-11 01:00,M-03,72.65,2.534,100.69,1549.0,0
2024-06-11 02:00,M-03,72.89,1.986,103.67,1510.0,0
2024-06-11 03:00,M-03,74.25,2.123,102.01,1502.0,0
2024-06-11 04:00,M-03,75.04,2.172,101.18,1505.0,0
2024-06-11 05:00,M-03,75.85,2.385,99.65,1522.0,0
2024-06-11 06:00,M-03,78.92,2.249,102.92,1508.0,0
2024-06-11 07:00,M-03,77.32,2.38,101.85,1543.0,0
2024-06-11 08:00,M-03,73.81,2.404,99.9,1414.0,0
2024-06-11 09:00,M-03,74.47,2.261,97.99,1525.0,0
2024-06-11 10:00,M-03,73.13,2.328,,1421.0,0
2024-06-11 11:00,M-03,73.08,2.013,101.45,1419.0,0
2024-06-11 12:00,M-03,73.41,2.257,101.76,1524.0,0
2024-06-11 13:00,M-03,72.77,2.087,102.36,1479.0,0
2024-06-11 14:00,M-03,71.17,2.277,103.96,1472.0,0
2024-06-11 15:00,M-03,70.78,2.314,100.68,1490.0,0
2024-06-11 16:00,M-03,69.66,2.339,102.23,1567.0,0
2024-06-11 17:00,M-03,67.93,2.004,100.83,1513.0,0
2024-06-11 18:00,M-03,69.64,2.306,100.9,1536.0,0
2024-06-11 19:00,M-03,67.54,1.854,103.1,1480.0,0
2024-06-11 20:00,M-03,68.51,1.983,100.19,1472.0,0
2024-06-11 21:00,M-03,,2.083,100.56,1499.0,0
2024-06-11 22:00,M-03,72.87,2.453,100.6,1478.0,0
2024-06-11 23:00,M-03,71.36,1.572,101.7,1465.0,0
2024-06-12 00:00,M-03,72.67,1.684,101.22,1491.0,0
2024-06-12 01:00,M-03,77.47,1.818,100.11,1472.0,0
2024-06-12 02:00,M-03,74.3,2.366,101.01,1576.0,0
2024-06-12 03:00,M-03,75.32,2.661,101.45,1513.0,0
2024-06-12 04:00,M-03,73.54,1.856,100.99,1499.0,0
2024-06-12 05:00,M-03,76.04,2.337,102.56,1485.0,0
2024-06-12 06:00,M-03,75.43,2.151,101.14,1558.0,0
2024-06-12 07:00,M-03,77.05,2.731,103.94,1455.0,0
2024-06-12 08:00,M-03,75.99,1.296,101.75,1559.0,0
2024-06-12 09:00,M-03,75.17,,102.03,1504.0,0
2024-06-12 10:00,M-03,77.1,1.746,99.49,,0
2024-06-12 11:00,M-03,74.19,1.814,99.4,1522.0,0
2024-06-12 12:00,M-03,72.62,2.477,103.05,1474.0,0
2024-06-12 13:00,M-03,71.19,2.123,101.03,1509.0,0
2024-06-12 14:00,M-03,72.29,,102.17,1512.0,0
2024-06-12 15:00,M-03,69.58,1.525,102.27,1492.0,0
2024-06-12 16:00,M-03,70.14,2.495,102.48,1536.0,0
2024-06-12 17:00,M-03,72.43,2.116,100.08,1517.0,0
2024-06-12 18:00,M-03,69.83,,101.8,1466.0,0
2024-06-12 19:00,M-03,71.32,1.561,101.5,1551.0,0
2024-06-12 20:00,M-03,71.03,1.981,99.03,1508.0,0
2024-06-12 21:00,M-03,71.86,2.141,102.82,1483.0,0
2024-06-12 22:00,M-03,71.36,2.043,101.97,1448.0,0
2024-06-12 23:00,M-03,73.06,1.906,103.85,1447.0,0
2024-06-13 00:00,M-03,73.11,2.248,102.02,1532.0,0
2024-06-13 01:00,M-03,74.05,1.909,99.39,1469.0,0
2024-06-13 02:00,M-03,75.97,1.718,100.82,1507.0,0
2024-06-13 03:00,M-03,76.04,1.618,101.07,1530.0,0
2024-06-13 04:00,M-03,75.76,2.207,100.91,1508.0,0
2024-06-13 05:00,M-03,76.44,2.109,103.04,1539.0,0
2024-06-13 06:00,M-03,76.16,1.924,101.28,1539.0,0
2024-06-13 07:00,M-03,76.78,1.759,102.98,1556.0,0
2024-06-13 08:00,M-03,78.17,2.375,100.64,1474.0,0
2024-06-13 09:00,M-03,76.88,2.261,100.5,1481.0,0
2024-06-13 10:00,M-03,73.66,2.27,100.46,1569.0,0
2024-06-13 11:00,M-03,72.53,2.362,104.7,1491.0,0
2024-06-13 12:00,M-03,73.39,2.081,102.8,1447.0,0
2024-06-13 13:00,M-03,72.61,1.599,99.43,1435.0,0
2024-06-13 14:00,M-03,69.98,1.837,100.71,1512.0,0
2024-06-13 15:00,M-03,74.54,2.063,100.14,1535.0,0
2024-06-13 16:00,M-03,72.43,2.45,103.77,1543.0,0
2024-06-13 17:00,M-03,69.37,1.998,102.65,1512.0,0
2024-06-13 18:00,M-03,70.93,1.634,102.26,1482.0,0
2024-06-13 19:00,M-03,72.98,,101.48,,0
2024-06-13 20:00,M-03,70.79,2.447,98.38,1517.0,0
2024-06-13 21:00,M-03,72.02,2.145,102.12,,0
2024-06-13 22:00,M-03,73.6,1.853,100.21,1544.0,0
2024-06-13 23:00,M-03,75.34,2.646,105.34,1556.0,0
2024-06-14 00:00,M-03,73.64,2.311,100.1,1469.0,0
2024-06-14 01:00,M-03,76.38,2.242,104.35,1596.0,0
2024-06-14 02:00,M-03,73.98,2.245,101.53,1482.0,0
2024-06-14 03:00,M-03,76.31,2.583,103.68,1491.0,0
2024-06-14 04:00,M-03,79.62,2.262,101.15,1439.0,0
2024-06-14 05:00,M-03,99.93,5.504,102.91,1494.0,1
2024-06-14 06:00,M-03,76.8,2.477,100.67,1554.0,0
2024-06-14 07:00,M-03,79.01,2.054,103.51,1482.0,0
2024-06-14 08:00,M-03,77.43,1.839,101.22,1450.0,0
2024-06-14 09:00,M-03,77.47,2.492,101.27,1487.0,0
2024-06-14 10:00,M-03,77.06,1.974,100.72,1440.0,0
2024-06-14 11:00,M-03,76.47,2.199,100.66,1491.0,0
2024-06-14 12:00,M-03,71.74,2.33,100.65,1556.0,0
2024-06-14 13:00,M-03,91.33,4.192,102.57,1536.0,0
2024-06-14 14:00,M-03,,2.74,100.66,1556.0,0
2024-06-14 15:00,M-03,,2.008,102.9,1583.0,0
2024-06-14 16:00,M-03,71.32,2.241,101.61,1577.0,0
2024-06-14 17:00,M-03,71.14,1.74,101.83,1538.0,0
2024-06-14 18:00,M-03,73.12,2.446,100.97,1586.0,0
2024-06-14 19:00,M-03,72.54,2.667,102.09,1464.0,0
2024-06-14 20:00,M-03,72.41,1.678,99.62,1501.0,0
2024-06-14 21:00,M-03,73.6,2.027,102.41,1501.0,0
2024-06-14 22:00,M-03,75.91,1.749,101.65,1468.0,0
2024-06-14 23:00,M-03,75.28,2.399,101.82,1503.0,0
2024-06-01 00:00,M-04,65.08,1.754,103.06,1521.0,0
2024-06-01 01:00,M-04,64.08,2.102,101.26,1491.0,0
2024-06-01 02:00,M-04,63.95,2.106,101.69,1477.0,0
2024-06-01 03:00,M-04,,2.092,103.03,1483.0,0
2024-06-01 04:00,M-04,67.73,1.937,97.99,1437.0,0
2024-06-01 05:00,M-04,67.27,2.176,101.79,1531.0,0
2024-06-01 06:00,M-04,66.69,1.689,98.38,1466.0,0
2024-06-01 07:00,M-04,67.65,2.352,102.44,1454.0,0
2024-06-01 08:00,M-04,68.58,2.09,100.98,1477.0,0
2024-06-01 09:00,M-04,66.83,1.991,101.76,1570.0,0
2024-06-01 10:00,M-04,67.5,1.761,101.92,1574.0,0
2024-06-01 11:00,M-04,,1.989,99.46,1489.0,0
2024-06-01 12:00,M-04,65.02,2.095,103.3,1502.0,0
2024-06-01 13:00,M-04,63.02,1.954,105.53,1520.0,0
2024-06-01 14:00,M-04,64.08,1.959,98.72,1396.0,0
2024-06-01 15:00,M-04,63.18,2.315,100.86,1542.0,0
2024-06-01 16:00,M-04,62.73,1.326,100.85,1485.0,0
2024-06-01 17:00,M-04,61.32,1.978,103.55,1565.0,0
2024-06-01 18:00,M-04,62.11,2.352,102.06,1480.0,0
2024-06-01 19:00,M-04,61.42,,97.83,1529.0,0
2024-06-01 20:00,M-04,62.86,1.771,100.7,1560.0,0
2024-06-01 21:00,M-04,62.2,2.302,101.33,1472.0,0
2024-06-01 22:00,M-04,63.38,1.794,101.04,1545.0,0
2024-06-01 23:00,M-04,63.97,1.646,100.33,1521.0,0
2024-06-02 00:00,M-04,63.18,1.654,100.9,1535.0,0
2024-06-02 01:00,M-04,65.85,1.599,99.65,1471.0,0
2024-06-02 02:00,M-04,66.85,1.748,102.33,1602.0,0
2024-06-02 03:00,M-04,67.17,2.367,99.81,1515.0,0
2024-06-02 04:00,M-04,68.49,1.834,100.39,1488.0,0
2024-06-02 05:00,M-04,67.09,2.758,99.06,1486.0,0
2024-06-02 06:00,M-04,67.45,1.968,102.51,1428.0,0
2024-06-02 07:00,M-04,,2.463,105.05,1479.0,0
2024-06-02 08:00,M-04,,2.068,101.42,1550.0,0
2024-06-02 09:00,M-04,,1.972,98.69,1520.0,0
2024-06-02 10:00,M-04,66.69,1.949,99.16,1476.0,0
2024-06-02 11:00,M-04,66.08,2.088,101.97,1483.0,0
2024-06-02 12:00,M-04,64.84,2.443,100.64,1464.0,0
2024-06-02 13:00,M-04,63.6,1.872,100.52,1495.0,0
2024-06-02 14:00,M-04,64.67,1.471,99.9,1543.0,0
2024-06-02 15:00,M-04,,1.885,100.22,1501.0,0
2024-06-02 16:00,M-04,63.51,1.919,101.65,1543.0,0
2024-06-02 17:00,M-04,63.26,1.618,100.17,1482.0,0
2024-06-02 18:00,M-04,62.16,2.053,100.55,1547.0,0
2024-06-02 19:00,M-04,61.17,1.78,103.4,1476.0,0
2024-06-02 20:00,M-04,63.23,2.24,101.96,1483.0,0
2024-06-02 21:00,M-04,62.05,2.067,99.95,1474.0,0
2024-06-02 22:00,M-04,63.74,2.567,104.23,1479.0,0
2024-06-02 23:00,M-04,64.87,1.876,100.87,1496.0,0
2024-06-03 00:00,M-04,66.0,2.689,98.87,1437.0,0
2024-06-03 01:00,M-04,63.96,2.194,101.93,1388.0,0
2024-06-03 02:00,M-04,68.68,2.528,101.61,1474.0,0
2024-06-03 03:00,M-04,69.81,2.148,102.38,1571.0,0
2024-06-03 04:00,M-04,66.95,2.407,100.18,1517.0,0
2024-06-03 05:00,M-04,67.25,1.902,99.01,1552.0,0
2024-06-03 06:00,M-04,68.0,,100.57,1498.0,0
2024-06-03 07:00,M-04,,2.326,102.37,1582.0,0
2024-06-03 08:00,M-04,66.56,1.802,101.56,1483.0,0
2024-06-03 09:00,M-04,65.46,1.869,105.04,1464.0,0
2024-06-03 10:00,M-04,64.93,2.013,99.67,1442.0,0
2024-06-03 11:00,M-04,67.65,2.152,101.92,1533.0,0
2024-06-03 12:00,M-04,64.6,2.012,102.27,1527.0,0
2024-06-03 13:00,M-04,63.26,1.733,99.53,1589.0,0
2024-06-03 14:00,M-04,62.8,2.259,102.64,1500.0,0
2024-06-03 15:00,M-04,62.76,2.394,100.41,1478.0,0
2024-06-03 16:00,M-04,62.73,1.321,100.89,1508.0,0
2024-06-03 17:00,M-04,63.33,1.485,98.56,1506.0,0
2024-06-03 18:00,M-04,61.59,1.669,101.15,1544.0,0
2024-06-03 19:00,M-04,63.41,1.74,100.52,1518.0,0
2024-06-03 20:00,M-04,62.07,2.251,99.62,1547.0,0
2024-06-03 21:00,M-04,64.51,1.654,102.42,1503.0,0
2024-06-03 22:00,M-04,65.53,2.016,102.42,1510.0,0
2024-06-03 23:00,M-04,65.36,2.056,100.86,1513.0,0
2024-06-04 00:00,M-04,65.73,2.223,102.87,1461.0,0
2024-06-04 01:00,M-04,63.27,1.928,,1529.0,0
2024-06-04 02:00,M-04,66.34,1.246,102.23,1447.0,0
2024-06-04 03:00,M-04,68.04,1.969,103.42,1490.0,0
2024-06-04 04:00,M-04,67.12,1.893,100.17,1485.0,0
2024-06-04 05:00,M-04,68.13,2.279,102.5,1499.0,0
2024-06-04 06:00,M-04,68.52,2.116,99.89,1493.0,0
2024-06-04 07:00,M-04,65.79,1.936,101.14,1502.0,0
2024-06-04 08:00,M-04,69.02,1.863,103.29,1486.0,0
2024-06-04 09:00,M-04,67.84,2.571,101.09,1487.0,0
2024-06-04 10:00,M-04,69.0,2.496,97.55,1431.0,0
2024-06-04 11:00,M-04,66.27,1.774,100.51,1508.0,0
2024-06-04 12:00,M-04,65.33,1.759,101.58,1477.0,0
2024-06-04 13:00,M-04,67.53,1.675,102.2,1554.0,0
2024-06-04 14:00,M-04,66.73,1.55,99.31,1512.0,0
2024-06-04 15:00,M-04,63.61,2.049,98.84,1537.0,0
2024-06-04 16:00,M-04,63.31,1.867,102.94,1534.0,0
2024-06-04 17:00,M-04,61.92,1.914,102.42,1487.0,0
2024-06-04 18:00,M-04,64.92,2.313,102.71,1519.0,0
2024-06-04 19:00,M-04,63.07,1.657,101.98,1548.0,0
2024-06-04 20:00,M-04,62.95,,100.63,1506.0,0
2024-06-04 21:00,M-04,62.08,1.82,102.86,1481.0,0
2024-06-04 22:00,M-04,66.65,2.808,99.09,1509.0,0
2024-06-04 23:00,M-04,64.37,1.999,101.43,,0
2024-06-05 00:00,M-04,64.93,2.42,103.03,1529.0,0
2024-06-05 01:00,M-04,66.27,2.461,101.26,1465.0,0
2024-06-05 02:00,M-04,66.74,2.574,99.18,1424.0,0
2024-06-05 03:00,M-04,69.09,2.274,100.7,1491.0,0
2024-06-05 04:00,M-04,66.9,1.753,101.67,1464.0,0
2024-06-05 05:00,M-04,69.6,2.655,101.71,1545.0,0
2024-06-05 06:00,M-04,68.84,2.183,101.16,1508.0,0
2024-06-05 07:00,M-04,69.38,2.077,99.73,1509.0,0
2024-06-05 08:00,M-04,70.72,1.504,101.53,1538.0,0
2024-06-05 09:00,M-04,,1.765,100.52,1473.0,0
2024-06-05 10:00,M-04,68.0,2.417,99.45,1489.0,0
2024-06-05 11:00,M-04,67.9,1.781,99.99,1453.0,0
2024-06-05 12:00,M-04,67.76,2.149,104.25,1462.0,0
2024-06-05 13:00,M-04,65.38,2.003,102.13,1504.0,0
2024-06-05 14:00,M-04,63.37,1.998,101.84,1514.0,0
2024-06-05 15:00,M-04,82.29,5.811,100.13,1431.0,1
2024-06-05 16:00,M-04,64.59,2.307,103.37,1493.0,0
2024-06-05 17:00,M-04,63.46,2.365,103.25,1503.0,0
2024-06-05 18:00,M-04,63.42,2.679,98.67,1505.0,0
2024-06-05 19:00,M-04,,2.008,101.17,1395.0,0
2024-06-05 20:00,M-04,61.96,2.132,102.36,1453.0,0
2024-06-05 21:00,M-04,65.58,2.865,102.13,1533.0,0
2024-06-05 22:00,M-04,67.05,1.84,103.27,1573.0,0
2024-06-05 23:00,M-04,66.52,1.948,100.81,1598.0,0
2024-06-06 00:00,M-04,67.11,1.797,101.68,1456.0,0
2024-06-06 01:00,M-04,68.67,2.156,101.37,1434.0,0
2024-06-06 02:00,M-04,70.78,1.758,101.76,1456.0,0
2024-06-06 03:00,M-04,67.69,2.14,103.22,1517.0,0
2024-06-06 04:00,M-04,69.21,2.134,101.02,1536.0,0
2024-06-06 05:00,M-04,70.01,2.341,99.86,1575.0,0
2024-06-06 06:00,M-04,69.76,2.062,101.23,1465.0,0
2024-06-06 07:00,M-04,68.28,2.447,102.35,1512.0,0
2024-06-06 08:00,M-04,70.07,2.009,97.83,1472.0,0
2024-06-06 09:00,M-04,67.0,2.282,100.71,1574.0,0
2024-06-06 10:00,M-04,71.8,2.145,99.86,1493.0,0
2024-06-06 11:00,M-04,70.16,1.377,103.45,1479.0,0
2024-06-06 12:00,M-04,66.76,1.906,101.8,1539.0,0
2024-06-06 13:00,M-04,66.09,1.724,102.31,1533.0,0
2024-06-06 14:00,M-04,65.21,2.225,103.1,1457.0,0
2024-06-06 15:00,M-04,66.84,1.764,101.14,1512.0,0
2024-06-06 16:00,M-04,81.59,5.296,101.24,1488.0,0
2024-06-06 17:00,M-04,64.59,1.61,100.22,1493.0,0
2024-06-06 18:00,M-04,63.48,1.971,100.94,1510.0,0
2024-06-06 19:00,M-04,64.65,1.601,101.81,1488.0,0
2024-06-06 20:00,M-04,64.17,2.342,102.96,1537.0,0
2024-06-06 21:00,M-04,64.84,1.852,102.37,1518.0,0
2024-06-06 22:00,M-04,65.96,1.46,101.91,1465.0,0
2024-06-06 23:00,M-04,67.01,2.221,101.83,1531.0,0
2024-06-07 00:00,M-04,67.29,2.002,101.5,1523.0,0
2024-06-07 01:00,M-04,66.88,2.537,101.93,1526.0,0
2024-06-07 02:00,M-04,68.74,1.746,101.89,1541.0,0
2024-06-07 03:00,M-04,70.56,1.742,100.99,1494.0,0
2024-06-07 04:00,M-04,67.62,1.549,100.08,1488.0,0
2024-06-07 05:00,M-04,70.55,2.155,103.31,1463.0,0
2024-06-07 06:00,M-04,70.05,1.448,100.39,1567.0,0
2024-06-07 07:00,M-04,70.29,2.503,102.51,1482.0,0
2024-06-07 08:00,M-04,69.21,2.262,104.04,1475.0,0
2024-06-07 09:00,M-04,69.92,2.43,101.34,1560.0,0
2024-06-07 10:00,M-04,67.66,2.239,99.23,1544.0,0
2024-06-07 11:00,M-04,67.05,1.929,102.08,1488.0,0
2024-06-07 12:00,M-04,67.67,2.256,100.05,1457.0,0
2024-06-07 13:00,M-04,65.28,2.028,100.55,1425.0,0
2024-06-07 14:00,M-04,66.08,2.063,102.55,1566.0,0
2024-06-07 15:00,M-04,66.23,2.193,102.7,1544.0,0
2024-06-07 16:00,M-04,65.84,1.449,101.38,1444.0,0
2024-06-07 17:00,M-04,64.65,2.217,99.14,,0
2024-06-07 18:00,M-04,63.2,2.022,101.73,1424.0,0
2024-06-07 19:00,M-04,66.13,2.246,100.09,1507.0,0
2024-06-07 20:00,M-04,64.91,1.873,99.88,1463.0,0
2024-06-07 21:00,M-04,66.19,1.999,102.6,1479.0,0
2024-06-07 22:00,M-04,66.12,1.999,100.09,1449.0,0
2024-06-07 23:00,M-04,65.2,1.355,99.74,1481.0,0
2024-06-08 00:00,M-04,65.34,1.692,103.38,1487.0,0
2024-06-08 01:00,M-04,68.78,1.974,100.34,1529.0,0
2024-06-08 02:00,M-04,69.23,1.675,102.32,1515.0,0
2024-06-08 03:00,M-04,70.48,2.014,102.4,1433.0,0
2024-06-08 04:00,M-04,70.14,2.122,100.17,1524.0,0
2024-06-08 05:00,M-04,69.33,1.911,103.69,1499.0,0
2024-06-08 06:00,M-04,70.37,2.285,99.71,1475.0,0
2024-06-08 07:00,M-04,69.75,2.096,102.36,1551.0,0
2024-06-08 08:00,M-04,68.95,2.302,102.21,1501.0,0
2024-06-08 09:00,M-04,70.5,2.336,,1451.0,0
2024-06-08 10:00,M-04,68.81,1.876,100.58,1580.0,0
2024-06-08 11:00,M-04,69.43,1.571,101.56,1549.0,0
2024-06-08 12:00,M-04,67.39,2.344,99.88,1502.0,0
2024-06-08 13:00,M-04,66.03,2.431,103.26,1501.0,0
2024-06-08 14:00,M-04,66.61,2.251,103.71,1439.0,0
2024-06-08 15:00,M-04,66.55,2.216,98.23,1544.0,0
2024-06-08 16:00,M-04,66.36,1.756,101.36,1519.0,0
2024-06-08 17:00,M-04,65.35,1.917,102.71,1528.0,0
2024-06-08 18:00,M-04,62.7,1.971,101.04,1547.0,0
2024-06-08 19:00,M-04,63.21,1.951,101.85,1481.0,0
2024-06-08 20:00,M-04,65.45,1.619,102.03,1483.0,0
2024-06-08 21:00,M-04,,2.033,105.41,1487.0,0
2024-06-08 22:00,M-04,65.33,2.132,100.48,1557.0,0
2024-06-08 23:00,M-04,67.07,2.143,101.93,1508.0,0
2024-06-09 00:00,M-04,71.16,2.732,99.52,1536.0,0
2024-06-09 01:00,M-04,67.97,1.626,100.82,1481.0,0
2024-06-09 02:00,M-04,69.01,2.386,101.19,1410.0,0
2024-06-09 03:00,M-04,69.25,2.255,102.61,1475.0,0
2024-06-09 04:00,M-04,70.19,1.652,100.12,1494.0,0
2024-06-09 05:00,M-04,71.35,2.508,101.73,1492.0,0
2024-06-09 06:00,M-04,71.64,2.209,99.84,1536.0,0
2024-06-09 07:00,M-04,70.99,2.178,99.2,1490.0,0
2024-06-09 08:00,M-04,71.61,1.669,99.14,1527.0,0
2024-06-09 09:00,M-04,69.43,2.376,99.6,1508.0,0
2024-06-09 10:00,M-04,72.72,2.136,99.21,1542.0,0
2024-06-09 11:00,M-04,68.66,1.866,103.4,1591.0,0
2024-06-09 12:00,M-04,68.42,1.984,101.12,1476.0,0
2024-06-09 13:00,M-04,65.52,1.676,105.46,1475.0,0
2024-06-09 14:00,M-04,90.78,6.465,100.3,,0
2024-06-09 15:00,M-04,64.58,1.783,100.83,1552.0,0
2024-06-09 16:00,M-04,63.47,1.814,100.47,1560.0,0
2024-06-09 17:00,M-04,65.3,2.258,100.09,1558.0,0
2024-06-09 18:00,M-04,65.69,2.148,99.99,1479.0,0
2024-06-09 19:00,M-04,65.56,2.072,103.16,1441.0,0
2024-06-09 20:00,M-04,66.51,1.843,98.35,1449.0,0
2024-06-09 21:00,M-04,65.18,2.52,101.88,,0
2024-06-09 22:00,M-04,66.77,2.31,102.62,1490.0,0
2024-06-09 23:00,M-04,68.87,1.959,100.63,1461.0,0
2024-06-10 00:00,M-04,,1.965,103.04,1484.0,0
2024-06-10 01:00,M-04,68.5,1.757,101.94,1506.0,0
2024-06-10 02:00,M-04,68.31,2.585,101.21,1493.0,0
2024-06-10 03:00,M-04,71.33,1.985,101.45,1515.0,0
2024-06-10 04:00,M-04,70.91,2.412,99.52,1458.0,0
2024-06-10 05:00,M-04,68.91,2.333,100.5,1500.0,0
2024-06-10 06:00,M-04,71.53,2.134,100.27,,0
2024-06-10 07:00,M-04,73.17,2.364,99.04,1498.0,0
2024-06-10 08:00,M-04,70.39,1.928,99.6,1555.0,0
2024-06-10 09:00,M-04,69.25,2.198,101.19,1498.0,0
2024-06-10 10:00,M-04,68.59,2.389,102.55,1507.0,0
2024-06-10 11:00,M-04,70.16,2.04,99.95,1493.0,0
2024-06-10 12:00,M-04,68.23,2.528,103.68,1445.0,0
2024-06-10 13:00,M-04,68.17,2.118,102.61,1512.0,0
2024-06-10 14:00,M-04,64.12,1.871,102.02,1472.0,0
2024-06-10 15:00,M-04,66.08,1.804,103.98,1501.0,0
2024-06-10 16:00,M-04,63.63,1.593,101.11,1458.0,0
2024-06-10 17:00,M-04,65.82,1.738,101.01,1459.0,0
2024-06-10 18:00,M-04,64.33,1.516,100.56,1508.0,0
2024-06-10 19:00,M-04,66.33,2.305,99.54,1466.0,0
2024-06-10 20:00,M-04,65.8,1.765,100.69,1544.0,0
2024-06-10 21:00,M-04,65.18,2.404,104.3,,0
2024-06-10 22:00,M-04,65.73,2.248,105.14,1479.0,0
2024-06-10 23:00,M-04,,1.883,101.99,1578.0,0
2024-06-11 00:00,M-04,70.29,2.461,99.34,1566.0,0
2024-06-11 01:00,M-04,73.43,2.208,103.88,1476.0,0
2024-06-11 02:00,M-04,70.16,2.27,101.75,1494.0,0
2024-06-11 03:00,M-04,71.68,1.965,100.59,1467.0,0
2024-06-11 04:00,M-04,70.28,2.631,101.79,1557.0,0
2024-06-11 05:00,M-04,71.74,2.619,101.88,1510.0,0
2024-06-11 06:00,M-04,70.31,2.184,102.31,1570.0,0
2024-06-11 07:00,M-04,72.17,1.694,103.31,1527.0,0
2024-06-11 08:00,M-04,72.4,1.804,100.34,1431.0,0
2024-06-11 09:00,M-04,71.24,1.882,104.87,1437.0,0
2024-06-11 10:00,M-04,72.65,2.193,96.5,1492.0,0
2024-06-11 11:00,M-04,69.73,2.304,102.15,,0
2024-06-11 12:00,M-04,69.09,2.056,101.1,1478.0,0
2024-06-11 13:00,M-04,68.56,2.352,102.98,1478.0,0
2024-06-11 14:00,M-04,66.13,1.934,100.18,1494.0,0
2024-06-11 15:00,M-04,68.0,2.336,102.06,1547.0,0
2024-06-11 16:00,M-04,66.47,2.382,104.15,1547.0,0
2024-06-11 17:00,M-04,67.38,1.791,101.01,1534.0,0
2024-06-11 18:00,M-04,68.14,2.091,100.87,1485.0,0
2024-06-11 19:00,M-04,66.35,2.253,,1506.0,0
2024-06-11 20:00,M-04,67.92,2.102,102.73,1467.0,0
2024-06-11 21:00,M-04,66.51,1.968,,1491.0,0
2024-06-11 22:00,M-04,68.79,2.255,100.32,1541.0,0
2024-06-11 23:00,M-04,69.35,2.03,103.15,1524.0,0
2024-06-12 00:00,M-04,70.02,2.056,,1485.0,0
2024-06-12 01:00,M-04,69.2,2.218,,1509.0,0
2024-06-12 02:00,M-04,69.21,1.812,104.79,1406.0,0
2024-06-12 03:00,M-04,73.72,2.215,103.14,1416.0,0
2024-06-12 04:00,M-04,71.61,2.427,101.53,1576.0,0
2024-06-12 05:00,M-04,71.24,2.83,100.1,1467.0,0
2024-06-12 06:00,M-04,102.3,6.496,101.78,1542.0,0
2024-06-12 07:00,M-04,70.83,1.835,,1465.0,0
2024-06-12 08:00,M-04,71.58,2.329,101.79,1495.0,0
2024-06-12 09:00,M-04,72.05,2.304,102.15,1448.0,0
2024-06-12 10:00,M-04,70.86,1.488,102.05,1566.0,0
2024-06-12 11:00,M-04,70.73,,101.34,1484.0,0
2024-06-12 12:00,M-04,68.91,1.956,102.41,1503.0,0
2024-06-12 13:00,M-04,67.1,1.294,101.49,1459.0,0
2024-06-12 14:00,M-04,66.26,2.107,101.45,1536.0,0
2024-06-12 15:00,M-04,67.69,2.667,102.19,1527.0,0
2024-06-12 16:00,M-04,67.09,1.736,100.16,1538.0,0
2024-06-12 17:00,M-04,65.97,1.992,100.24,1487.0,0
2024-06-12 18:00,M-04,,2.461,101.53,1511.0,0
2024-06-12 19:00,M-04,66.4,,98.95,1567.0,0
2024-06-12 20:00,M-04,68.09,2.087,100.24,1459.0,0
2024-06-12 21:00,M-04,,2.526,100.16,1537.0,0
2024-06-12 22:00,M-04,66.83,2.487,100.84,1485.0,1
2024-06-12 23:00,M-04,70.08,2.174,102.89,1496.0,0
2024-06-13 00:00,M-04,68.1,2.098,102.18,1485.0,0
2024-06-13 01:00,M-04,71.4,2.441,100.25,1544.0,0
2024-06-13 02:00,M-04,69.29,2.075,101.38,1482.0,0
2024-06-13 03:00,M-04,73.08,2.177,100.0,1413.0,0
2024-06-13 04:00,M-04,73.32,2.238,102.11,1480.0,0
2024-06-13 05:00,M-04,73.56,1.921,101.96,1477.0,0
2024-06-13 06:00,M-04,75.38,2.523,99.32,1478.0,0
2024-06-13 07:00,M-04,72.45,2.329,100.1,1500.0,0
2024-06-13 08:00,M-04,74.04,2.484,99.59,1488.0,0
2024-06-13 09:00,M-04,,2.118,,1467.0,0
2024-06-13 10:00,M-04,70.67,1.816,102.85,1503.0,0
2024-06-13 11:00,M-04,73.93,2.106,102.13,1430.0,0
2024-06-13 12:00,M-04,69.05,1.812,,1456.0,0
2024-06-13 13:00,M-04,69.47,,102.6,1456.0,0
2024-06-13 14:00,M-04,66.69,1.811,99.41,1508.0,0
2024-06-13 15:00,M-04,,1.952,98.91,1492.0,0
2024-06-13 16:00,M-04,67.04,1.601,101.62,1447.0,0
2024-06-13 17:00,M-04,65.21,2.101,101.56,1559.0,0
2024-06-13 18:00,M-04,68.24,1.501,,1489.0,0
2024-06-13 19:00,M-04,69.2,2.159,104.1,1520.0,0
2024-06-13 20:00,M-04,69.13,2.429,102.83,1494.0,0
2024-06-13 21:00,M-04,66.19,2.019,101.11,1531.0,0
2024-06-13 22:00,M-04,68.96,1.721,102.49,,0
2024-06-13 23:00,M-04,70.27,,100.9,1535.0,0
2024-06-14 00:00,M-04,70.86,2.137,102.84,1393.0,0
2024-06-14 01:00,M-04,71.0,2.053,102.68,1550.0,0
2024-06-14 02:00,M-04,71.02,1.621,101.25,1544.0,0
2024-06-14 03:00,M-04,73.34,2.01,99.74,1516.0,0
2024-06-14 04:00,M-04,,,99.67,1534.0,0
2024-06-14 05:00,M-04,74.32,2.682,101.74,1542.0,0
2024-06-14 06:00,M-04,73.28,2.211,101.47,1482.0,0
2024-06-14 07:00,M-04,71.55,2.644,100.22,1471.0,0
2024-06-14 08:00,M-04,71.08,1.321,100.79,1480.0,0
2024-06-14 09:00,M-04,71.59,2.366,102.11,1454.0,0
2024-06-14 10:00,M-04,71.9,1.857,101.69,1405.0,0
2024-06-14 11:00,M-04,71.37,2.573,101.9,1479.0,0
2024-06-14 12:00,M-04,68.93,2.271,103.66,1461.0,0
2024-06-14 13:00,M-04,67.85,2.392,101.46,1496.0,0
2024-06-14 14:00,M-04,69.17,2.391,98.02,1458.0,0
2024-06-14 15:00,M-04,68.51,1.519,100.69,1553.0,0
2024-06-14 16:00,M-04,68.79,2.19,99.64,1507.0,0
2024-06-14 17:00,M-04,67.47,2.476,99.92,1492.0,0
2024-06-14 18:00,M-04,68.11,1.814,102.3,1479.0,0
2024-06-14 19:00,M-04,66.16,1.676,98.08,1461.0,0
2024-06-14 20:00,M-04,67.84,2.145,102.88,1527.0,0
2024-06-14 21:00,M-04,68.98,2.038,100.1,1515.0,0
2024-06-14 22:00,M-04,68.24,2.308,101.5,1532.0,0
2024-06-14 23:00,M-04,69.27,2.292,102.51,1540.0,0
