date,sessions,users,pageviews,bounce_rate,conversions,revenue
2023-01-01,2174.0,1538.0,5926.0,0.449,55.0,274073.0
2023-01-02,3125.0,2338.0,8849.0,0.462,68.0,436250.0
2023-01-03,3544.0,2815.0,13887.0,0.529,87.0,481853.0
2023-01-04,3352.0,2412.0,8399.0,0.44,89.0,408637.0
2023-01-05,3112.0,2221.0,11706.0,0.45,59.0,359030.0
2023-01-06,2962.0,2088.0,8148.0,0.431,66.0,373971.0
2023-01-07,2211.0,1738.0,6261.0,0.365,60.0,343617.0
2023-01-08,2139.0,1698.0,7091.0,0.382,68.0,474528.0
2023-01-09,3198.0,2536.0,11521.0,0.401,99.0,558788.0
2023-01-10,3514.0,2525.0,12357.0,0.444,74.0,502327.0
2023-01-11,3748.0,2755.0,11374.0,0.444,109.0,715128.0
2023-01-12,3292.0,2528.0,8477.0,0.461,102.0,614677.0
2023-01-13,2793.0,2190.0,10453.0,0.478,73.0,403989.0
2023-01-14,2321.0,1843.0,5829.0,0.489,54.0,395672.0
2023-01-15,2111.0,1642.0,5356.0,0.434,76.0,458088.0
2023-01-16,3067.0,2395.0,11641.0,0.491,51.0,334017.0
2023-01-17,3127.0,2332.0,10593.0,0.423,74.0,358016.0
2023-01-18,3563.0,2732.0,10656.0,0.438,102.0,608652.0
2023-01-19,3219.0,2423.0,8317.0,0.391,93.0,590627.0
2023-01-20,2891.0,2203.0,9394.0,0.526,65.0,339942.0
2023-01-21,2277.0,1748.0,8695.0,0.476,63.0,388307.0
2023-01-22,1944.0,1370.0,6310.0,0.504,41.0,217623.0
2023-01-23,2869.0,2135.0,8478.0,0.424,64.0,485581.0
2023-01-24,3489.0,2523.0,13570.0,0.47,91.0,555854.0
2023-01-25,3559.0,2594.0,12063.0,0.414,70.0,384742.0
2023-01-26,3483.0,2569.0,10547.0,0.407,87.0,473682.0
2023-01-27,3032.0,2283.0,9780.0,0.463,62.0,310344.0
2023-01-28,2244.0,1763.0,8099.0,0.422,71.0,373478.0
2023-01-29,2106.0,1664.0,7937.0,0.494,47.0,253231.0
2023-01-30,3053.0,2184.0,10835.0,0.41,63.0,378098.0
2023-01-31,3513.0,2712.0,8902.0,0.354,90.0,678686.0
2023-02-01,3853.0,3076.0,12173.0,0.469,86.0,535267.0
2023-02-02,3633.0,2849.0,9115.0,0.471,56.0,381662.0
2023-02-03,3424.0,2503.0,11888.0,0.404,89.0,515503.0
2023-02-04,2130.0,1540.0,5507.0,0.527,42.0,221400.0
2023-02-05,2348.0,1822.0,7615.0,0.482,55.0,323293.0
2023-02-06,2970.0,2127.0,8378.0,0.53,106.0,765033.0
2023-02-07,3343.0,2576.0,9778.0,0.464,85.0,553845.0
2023-02-08,4084.0,3175.0,14244.0,0.386,21.0,119410.0
2023-02-09,3536.0,2662.0,12496.0,0.47,86.0,551334.0
2023-02-10,3082.0,2183.0,8357.0,0.444,56.0,359925.0
2023-02-11,2060.0,1645.0,7047.0,0.455,24.0,166771.0
2023-02-12,1940.0,1504.0,7446.0,0.47,52.0,278915.0
2023-02-13,3201.0,2341.0,8410.0,0.449,76.0,547626.0
2023-02-14,3342.0,2415.0,10272.0,0.436,92.0,488988.0
2023-02-15,4037.0,2872.0,13196.0,0.407,110.0,723273.0
2023-02-16,4086.0,2910.0,10992.0,0.511,99.0,715899.0
2023-02-17,3174.0,2498.0,11832.0,0.512,109.0,671990.0
2023-02-18,2123.0,1684.0,8173.0,0.455,56.0,428860.0
2023-02-19,2301.0,1661.0,6678.0,0.451,30.0,215240.0
2023-02-20,3266.0,2312.0,10473.0,0.445,36.0,197327.0
2023-02-21,3582.0,2692.0,11283.0,0.445,90.0,429655.0
2023-02-22,3910.0,3106.0,14030.0,0.343,77.0,410385.0
2023-02-23,4024.0,2842.0,13350.0,0.428,101.0,523467.0
2023-02-24,,,,,,
2023-02-25,2404.0,1716.0,6514.0,0.464,43.0,268017.0
2023-02-26,2158.0,1668.0,7024.0,0.506,42.0,280827.0
2023-02-27,3153.0,2303.0,12374.0,0.43,97.0,553584.0
2023-02-28,3819.0,2755.0,10643.0,0.359,101.0,705463.0
2023-03-01,3906.0,2835.0,15317.0,0.478,82.0,644760.0
2023-03-02,5790.0,4540.0,16194.0,0.512,157.0,1022150.0
2023-03-03,5323.0,3953.0,18738.0,0.478,136.0,667729.0
2023-03-04,2246.0,1744.0,5712.0,0.337,34.0,221146.0
2023-03-05,2212.0,1629.0,7538.0,0.435,52.0,361387.0
2023-03-06,3116.0,2300.0,8020.0,0.484,89.0,647936.0
2023-03-07,3989.0,3156.0,11422.0,0.383,105.0,611805.0
2023-03-08,3813.0,2884.0,11181.0,0.43,102.0,563537.0
2023-03-09,4023.0,2819.0,15765.0,0.408,109.0,674489.0
2023-03-10,3402.0,2492.0,11341.0,0.52,92.0,574623.0
2023-03-11,2384.0,1713.0,6942.0,0.387,40.0,289076.0
2023-03-12,2218.0,1754.0,6167.0,0.47,52.0,303374.0
2023-03-13,3153.0,2243.0,12530.0,0.341,66.0,425269.0
2023-03-14,4226.0,2978.0,11914.0,0.432,96.0,592348.0
2023-03-15,4079.0,3115.0,12778.0,0.518,95.0,684922.0
2023-03-16,3992.0,3025.0,12507.0,0.375,83.0,515221.0
2023-03-17,3493.0,2506.0,13726.0,0.506,87.0,573318.0
2023-03-18,2545.0,2026.0,7833.0,0.495,65.0,389542.0
2023-03-19,2329.0,1845.0,7815.0,0.473,43.0,273918.0
2023-03-20,3162.0,2368.0,8442.0,0.512,52.0,353579.0
2023-03-21,3811.0,2809.0,9856.0,0.454,66.0,304179.0
2023-03-22,4040.0,2898.0,12389.0,0.471,48.0,290369.0
2023-03-23,4100.0,3117.0,11366.0,0.393,110.0,617183.0
2023-03-24,3439.0,2517.0,13258.0,0.417,76.0,419624.0
2023-03-25,2457.0,1912.0,6733.0,0.473,63.0,398448.0
2023-03-26,2412.0,1719.0,6451.0,0.371,51.0,322129.0
2023-03-27,3567.0,2741.0,12926.0,0.47,103.0,706631.0
2023-03-28,3745.0,2974.0,11601.0,0.518,87.0,651539.0
2023-03-29,4035.0,3202.0,15682.0,0.415,98.0,534416.0
2023-03-30,4172.0,3295.0,12775.0,0.41,112.0,665085.0
2023-03-31,3419.0,2407.0,10712.0,0.47,134.0,886828.0
2023-04-01,2504.0,1759.0,8387.0,0.484,34.0,213782.0
2023-04-02,2314.0,1824.0,7893.0,0.386,46.0,344751.0
2023-04-03,3366.0,2372.0,10417.0,0.435,85.0,471262.0
2023-04-04,4019.0,3185.0,14152.0,0.471,84.0,554297.0
2023-04-05,3869.0,2837.0,11455.0,0.45,106.0,577280.0
2023-04-06,3841.0,2794.0,13154.0,0.473,78.0,544526.0
2023-04-07,3570.0,2581.0,10538.0,0.46,75.0,537552.0
2023-04-08,2815.0,2085.0,10159.0,0.467,86.0,543057.0
2023-04-09,2516.0,1976.0,6502.0,0.439,71.0,450326.0
2023-04-10,3389.0,2456.0,11789.0,0.517,71.0,323884.0
2023-04-11,3762.0,2859.0,12843.0,0.438,101.0,567892.0
2023-04-12,4353.0,3196.0,16073.0,0.466,110.0,636146.0
2023-04-13,3447.0,2731.0,12036.0,0.431,100.0,365946.0
2023-04-14,3513.0,2751.0,11290.0,0.451,75.0,431807.0
2023-04-15,2460.0,1858.0,6653.0,0.397,50.0,304224.0
2023-04-16,2400.0,1750.0,7493.0,0.452,69.0,473797.0
2023-04-17,3920.0,2951.0,14949.0,0.504,90.0,462530.0
2023-04-18,3414.0,2616.0,11178.0,0.435,69.0,474093.0
2023-04-19,4297.0,3031.0,12747.0,0.422,75.0,466012.0
2023-04-20,4120.0,3287.0,14895.0,0.399,110.0,804372.0
2023-04-21,3664.0,2604.0,14281.0,0.387,79.0,580877.0
2023-04-22,2294.0,1624.0,6718.0,0.412,57.0,426744.0
2023-04-23,2436.0,1911.0,7249.0,0.417,67.0,440760.0
2023-04-24,3169.0,2266.0,9883.0,0.463,107.0,634171.0
2023-04-25,4025.0,3099.0,11961.0,0.454,100.0,720556.0
2023-04-26,4403.0,3404.0,16073.0,0.375,123.0,752466.0
2023-04-27,4191.0,3215.0,14675.0,0.51,115.0,684257.0
2023-04-28,3562.0,2728.0,11119.0,0.413,66.0,385835.0
2023-04-29,2596.0,1969.0,7910.0,0.47,68.0,421610.0
2023-04-30,2562.0,1884.0,9232.0,0.368,67.0,445663.0
2023-05-01,3606.0,2672.0,9409.0,0.377,101.0,712551.0
2023-05-02,4108.0,3190.0,14607.0,0.494,104.0,610707.0
2023-05-03,3931.0,2900.0,11391.0,0.47,112.0,757769.0
2023-05-04,3992.0,2835.0,12338.0,0.451,105.0,509588.0
2023-05-05,3721.0,2923.0,9360.0,0.503,121.0,721645.0
2023-05-06,2455.0,1951.0,9510.0,0.484,84.0,595608.0
2023-05-07,2440.0,1812.0,9141.0,0.404,72.0,428836.0
2023-05-08,3585.0,2627.0,11267.0,0.386,82.0,475897.0
2023-05-09,4137.0,3239.0,12622.0,0.484,92.0,521072.0
2023-05-10,4690.0,3317.0,12451.0,0.376,165.0,939835.0
2023-05-11,4375.0,3331.0,14638.0,0.498,101.0,543608.0
2023-05-12,3590.0,2734.0,10327.0,0.459,71.0,323693.0
2023-05-13,2644.0,1981.0,8660.0,0.431,67.0,392397.0
2023-05-14,2147.0,1658.0,6431.0,0.467,52.0,286819.0
2023-05-15,3428.0,2474.0,11592.0,0.447,83.0,399706.0
2023-05-16,4157.0,3321.0,16164.0,0.445,109.0,707865.0
2023-05-17,3856.0,2807.0,14957.0,0.523,109.0,592144.0
2023-05-18,4209.0,2994.0,15707.0,0.471,102.0,772672.0
2023-05-19,3784.0,2891.0,13824.0,0.468,136.0,633867.0
2023-05-20,2820.0,2153.0,8894.0,0.403,77.0,484554.0
2023-05-21,2684.0,2053.0,9861.0,0.49,75.0,556716.0
2023-05-22,4051.0,3197.0,13771.0,0.481,129.0,904275.0
2023-05-23,4630.0,3334.0,16621.0,0.421,165.0,784325.0
2023-05-24,4104.0,3116.0,13602.0,0.424,130.0,828692.0
2023-05-25,4280.0,3335.0,10877.0,0.502,92.0,591870.0
2023-05-26,3733.0,2740.0,12941.0,0.445,83.0,562555.0
2023-05-27,2699.0,2156.0,8641.0,0.356,66.0,402653.0
2023-05-28,2558.0,2031.0,9604.0,0.516,40.0,260688.0
2023-05-29,3814.0,2671.0,9829.0,0.423,99.0,733518.0
2023-05-30,4479.0,3563.0,13791.0,0.476,107.0,634791.0
2023-05-31,4179.0,3151.0,12474.0,0.494,49.0,330932.0
2023-06-01,4635.0,3264.0,15377.0,0.479,150.0,752124.0
2023-06-02,3661.0,2910.0,13981.0,0.437,95.0,554486.0
2023-06-03,2885.0,2124.0,11149.0,0.414,70.0,404466.0
2023-06-04,2769.0,2120.0,8281.0,0.513,56.0,419279.0
2023-06-05,3690.0,2626.0,11516.0,0.38,55.0,421065.0
2023-06-06,4850.0,3878.0,18845.0,0.481,107.0,566803.0
2023-06-07,4898.0,3706.0,18820.0,0.476,173.0,1095318.0
2023-06-08,4442.0,3502.0,12609.0,0.454,103.0,611421.0
2023-06-09,3908.0,2739.0,10180.0,0.412,81.0,529616.0
2023-06-10,3139.0,2472.0,10445.0,0.503,79.0,447413.0
2023-06-11,2937.0,2213.0,7895.0,0.471,65.0,414553.0
2023-06-12,3973.0,2972.0,10175.0,0.437,89.0,553506.0
2023-06-13,4436.0,3265.0,16598.0,0.465,156.0,1075327.0
2023-06-14,4858.0,3865.0,12592.0,0.396,86.0,409485.0
2023-06-15,4520.0,3376.0,15058.0,0.379,66.0,474970.0
2023-06-16,3535.0,2820.0,11301.0,0.451,115.0,675134.0
2023-06-17,2918.0,2187.0,8112.0,0.443,101.0,520224.0
2023-06-18,2803.0,2142.0,7220.0,0.483,82.0,544916.0
2023-06-19,3491.0,2719.0,11087.0,0.476,52.0,304788.0
2023-06-20,4255.0,3324.0,11310.0,0.401,119.0,897032.0
2023-06-21,4678.0,3594.0,15398.0,0.474,126.0,674408.0
2023-06-22,4616.0,3375.0,18156.0,0.453,74.0,451142.0
2023-06-23,4340.0,3354.0,17182.0,0.419,95.0,661985.0
2023-06-24,2803.0,2032.0,9195.0,0.476,40.0,231993.0
2023-06-25,5559.0,4110.0,16697.0,0.461,171.0,977616.0
2023-06-26,8523.0,6219.0,32610.0,0.449,250.0,1907374.0
2023-06-27,7690.0,6073.0,25239.0,0.408,260.0,1620892.0
2023-06-28,8736.0,6865.0,30410.0,0.432,241.0,1473095.0
2023-06-29,3948.0,2913.0,14328.0,0.531,105.0,601973.0
2023-06-30,3719.0,2945.0,11364.0,0.433,98.0,562784.0
2023-07-01,2893.0,2186.0,7411.0,0.406,81.0,476573.0
2023-07-02,2665.0,2007.0,6925.0,0.432,45.0,270852.0
2023-07-03,4018.0,2840.0,10137.0,0.444,68.0,401829.0
2023-07-04,4442.0,3304.0,16724.0,0.528,51.0,288852.0
2023-07-05,4901.0,3805.0,19097.0,0.391,111.0,776219.0
2023-07-06,4817.0,3790.0,14954.0,0.42,124.0,629762.0
2023-07-07,4153.0,2960.0,10806.0,0.515,103.0,453047.0
2023-07-08,2678.0,2075.0,6894.0,0.476,87.0,561019.0
2023-07-09,3148.0,2482.0,12545.0,0.424,90.0,558059.0
2023-07-10,3453.0,2701.0,13545.0,0.378,91.0,484634.0
2023-07-11,4513.0,3175.0,13950.0,0.41,107.0,548514.0
2023-07-12,4597.0,3499.0,15757.0,0.517,145.0,984848.0
2023-07-13,5002.0,3631.0,16083.0,0.522,112.0,754411.0
2023-07-14,3736.0,2855.0,11419.0,0.433,85.0,483287.0
2023-07-15,2708.0,2084.0,9830.0,0.488,83.0,505951.0
2023-07-16,2655.0,1922.0,7982.0,0.455,93.0,604584.0
2023-07-17,3631.0,2544.0,14196.0,0.49,132.0,687792.0
2023-07-18,,,,,,
2023-07-19,5000.0,3903.0,18169.0,0.475,121.0,860313.0
2023-07-20,4442.0,3121.0,14947.0,0.437,188.0,1207126.0
2023-07-21,3679.0,2753.0,13675.0,0.459,90.0,610991.0
2023-07-22,2867.0,2084.0,9165.0,0.439,85.0,596220.0
2023-07-23,2871.0,2101.0,10188.0,0.499,89.0,568687.0
2023-07-24,4165.0,3107.0,11742.0,0.541,139.0,809486.0
2023-07-25,4426.0,3406.0,11916.0,0.391,114.0,737497.0
2023-07-26,4935.0,3901.0,16810.0,0.479,135.0,881808.0
2023-07-27,5018.0,3863.0,14573.0,0.461,186.0,1091079.0
2023-07-28,3886.0,2935.0,15474.0,0.413,117.0,720618.0
2023-07-29,2926.0,2190.0,8268.0,0.515,48.0,272207.0
2023-07-30,2842.0,2214.0,7913.0,0.381,58.0,410950.0
2023-07-31,3685.0,2940.0,11283.0,0.376,110.0,590749.0
2023-08-01,4666.0,3723.0,14559.0,0.483,132.0,747051.0
2023-08-02,5382.0,4084.0,14637.0,0.409,115.0,662285.0
2023-08-03,5454.0,3891.0,17517.0,0.43,131.0,890759.0
2023-08-04,3812.0,2781.0,14123.0,0.49,86.0,628476.0
2023-08-05,3139.0,2500.0,9686.0,0.442,99.0,555315.0
2023-08-06,3130.0,2206.0,8871.0,0.378,75.0,466824.0
2023-08-07,4372.0,3173.0,11482.0,0.418,99.0,700759.0
2023-08-08,4623.0,3550.0,12528.0,0.446,103.0,588575.0
2023-08-09,5189.0,3927.0,16116.0,0.355,26.0,133335.0
2023-08-10,4677.0,3427.0,14216.0,0.396,127.0,784534.0
2023-08-11,,,,,,
2023-08-12,3218.0,2434.0,12559.0,0.447,93.0,646043.0
2023-08-13,2919.0,2325.0,11472.0,0.517,80.0,533799.0
2023-08-14,4169.0,3118.0,12189.0,0.458,104.0,766443.0
2023-08-15,5041.0,3578.0,18345.0,0.473,101.0,612120.0
2023-08-16,5364.0,3876.0,17652.0,0.352,150.0,769906.0
2023-08-17,4708.0,3692.0,17918.0,0.471,82.0,506323.0
2023-08-18,4607.0,3650.0,13770.0,0.413,148.0,1047884.0
2023-08-19,3120.0,2243.0,11207.0,0.407,86.0,413070.0
2023-08-20,3019.0,2123.0,10513.0,0.508,78.0,485971.0
2023-08-21,4165.0,3306.0,15607.0,0.514,94.0,709342.0
2023-08-22,5043.0,3574.0,19282.0,0.461,135.0,730884.0
2023-08-23,5513.0,4091.0,20266.0,0.455,66.0,455223.0
2023-08-24,4573.0,3419.0,12657.0,0.499,149.0,728026.0
2023-08-25,4075.0,3239.0,15155.0,0.412,60.0,387800.0
2023-08-26,2744.0,2111.0,8474.0,0.56,80.0,518981.0
2023-08-27,3102.0,2387.0,10621.0,0.399,87.0,542183.0
2023-08-28,4293.0,3414.0,12309.0,0.445,139.0,932577.0
2023-08-29,4785.0,3574.0,14028.0,0.398,107.0,682885.0
2023-08-30,4898.0,3657.0,13149.0,0.444,141.0,1009212.0
2023-08-31,5391.0,4018.0,14769.0,0.557,85.0,493567.0
2023-09-01,4757.0,3695.0,14855.0,0.481,89.0,641590.0
2023-09-02,3383.0,2678.0,12780.0,0.479,105.0,508433.0
2023-09-03,3059.0,2311.0,10313.0,0.535,76.0,609237.0
2023-09-04,4271.0,3277.0,12244.0,0.391,69.0,489137.0
2023-09-05,4975.0,3757.0,13755.0,0.458,150.0,1083609.0
2023-09-06,5250.0,3840.0,17923.0,0.413,90.0,573929.0
2023-09-07,4674.0,3573.0,17651.0,0.34,168.0,1010902.0
2023-09-08,4222.0,2996.0,14948.0,0.498,82.0,488762.0
2023-09-09,3273.0,2563.0,10126.0,0.56,100.0,739222.0
2023-09-10,3079.0,2442.0,12243.0,0.476,73.0,509135.0
2023-09-11,4153.0,2998.0,13562.0,0.386,60.0,404505.0
2023-09-12,4905.0,3816.0,14243.0,0.522,122.0,656591.0
2023-09-13,5904.0,4562.0,19295.0,0.406,133.0,849942.0
2023-09-14,5548.0,3956.0,18289.0,0.49,131.0,829442.0
2023-09-15,4715.0,3402.0,16933.0,0.483,168.0,1030955.0
2023-09-16,3182.0,2385.0,12594.0,0.448,87.0,508843.0
2023-09-17,2882.0,2149.0,8760.0,0.503,87.0,453059.0
2023-09-18,4366.0,3326.0,12560.0,0.451,87.0,738779.0
2023-09-19,4930.0,3577.0,15357.0,0.475,134.0,891443.0
2023-09-20,5593.0,4377.0,18695.0,0.56,137.0,1010817.0
2023-09-21,5456.0,4079.0,15040.0,0.4,171.0,800328.0
2023-09-22,4281.0,3420.0,14165.0,0.431,143.0,1181465.0
2023-09-23,3430.0,2615.0,9788.0,0.418,100.0,508263.0
2023-09-24,3147.0,2452.0,8769.0,0.445,41.0,272992.0
2023-09-25,4379.0,3424.0,15183.0,0.429,84.0,520101.0
2023-09-26,4903.0,3689.0,18183.0,0.523,55.0,375506.0
2023-09-27,5381.0,4142.0,18652.0,0.402,110.0,700614.0
2023-09-28,5217.0,3893.0,20595.0,0.489,98.0,703304.0
2023-09-29,4451.0,3371.0,14707.0,0.486,114.0,607097.0
2023-09-30,3146.0,2352.0,11209.0,0.48,82.0,503933.0
2023-10-01,3090.0,2319.0,8475.0,0.407,77.0,487216.0
2023-10-02,4932.0,3786.0,13916.0,0.491,161.0,788522.0
2023-10-03,5056.0,3980.0,19513.0,0.443,110.0,529224.0
2023-10-04,5741.0,4078.0,18692.0,0.511,175.0,974011.0
2023-10-05,5259.0,3804.0,16773.0,0.482,148.0,1014797.0
2023-10-06,3749.0,2757.0,9912.0,0.489,110.0,698349.0
2023-10-07,3842.0,2997.0,15009.0,0.432,152.0,1180880.0
2023-10-08,3194.0,2304.0,8260.0,0.46,102.0,801840.0
2023-10-09,4288.0,3223.0,12443.0,0.506,167.0,952111.0
2023-10-10,5573.0,4259.0,16605.0,0.451,111.0,708104.0
2023-10-11,6035.0,4622.0,15519.0,0.398,153.0,863325.0
2023-10-12,,,,,,
2023-10-13,4357.0,3160.0,14470.0,0.403,113.0,678604.0
2023-10-14,3092.0,2175.0,11433.0,0.448,87.0,443464.0
2023-10-15,3290.0,2631.0,9362.0,0.394,69.0,387109.0
2023-10-16,4518.0,3502.0,14768.0,0.357,126.0,847228.0
2023-10-17,5457.0,4109.0,18012.0,0.409,204.0,1197536.0
2023-10-18,5552.0,4372.0,21135.0,0.482,149.0,797234.0
2023-10-19,5165.0,3837.0,17195.0,0.526,145.0,1102633.0
2023-10-20,4660.0,3580.0,11807.0,0.547,23.0,179638.0
2023-10-21,3182.0,2238.0,9790.0,0.479,109.0,658905.0
2023-10-22,3380.0,2539.0,10355.0,0.536,131.0,932689.0
2023-10-23,4627.0,3404.0,13521.0,0.38,156.0,1104398.0
2023-10-24,5433.0,3876.0,18007.0,0.411,127.0,829730.0
2023-10-25,5793.0,4455.0,18248.0,0.543,223.0,1072103.0
2023-10-26,5241.0,3723.0,17228.0,0.495,124.0,762132.0
2023-10-27,4186.0,3273.0,11532.0,0.433,106.0,724558.0
2023-10-28,3576.0,2517.0,13320.0,0.427,78.0,475488.0
2023-10-29,3493.0,2793.0,13148.0,0.478,89.0,675427.0
2023-10-30,4351.0,3245.0,14792.0,0.487,128.0,793017.0
2023-10-31,5590.0,4225.0,22301.0,0.527,177.0,1107697.0
2023-11-01,5743.0,4102.0,15616.0,0.453,175.0,980735.0
2023-11-02,5400.0,4142.0,13957.0,0.475,222.0,1366840.0
2023-11-03,4707.0,3469.0,14974.0,0.452,87.0,553233.0
2023-11-04,3186.0,2461.0,10366.0,0.497,57.0,355588.0
2023-11-05,3282.0,2490.0,10446.0,0.494,83.0,568658.0
2023-11-06,4608.0,3273.0,13538.0,0.425,94.0,707633.0
2023-11-07,5416.0,3936.0,17113.0,0.498,111.0,807944.0
2023-11-08,5524.0,4107.0,15416.0,0.354,83.0,613408.0
2023-11-09,5596.0,3927.0,19191.0,0.459,110.0,686922.0
2023-11-10,4584.0,3445.0,17771.0,0.426,113.0,529023.0
2023-11-11,3279.0,2399.0,11649.0,0.374,89.0,472283.0
2023-11-12,3353.0,2467.0,10914.0,0.402,83.0,465665.0
2023-11-13,4505.0,3169.0,11959.0,0.398,146.0,920802.0
2023-11-14,5062.0,3973.0,14365.0,0.433,152.0,771179.0
2023-11-15,5605.0,4052.0,15515.0,0.461,154.0,1028942.0
2023-11-16,5285.0,3836.0,17128.0,0.419,124.0,748641.0
2023-11-17,4827.0,3836.0,13916.0,0.469,142.0,963450.0
2023-11-18,3548.0,2497.0,13557.0,0.508,121.0,903410.0
2023-11-19,3483.0,2601.0,11967.0,0.412,97.0,519529.0
2023-11-20,4484.0,3327.0,15120.0,0.394,132.0,868508.0
2023-11-21,5324.0,3775.0,17829.0,0.557,151.0,762678.0
2023-11-22,5930.0,4457.0,15974.0,0.457,157.0,935609.0
2023-11-23,5022.0,3702.0,12702.0,0.427,164.0,1058798.0
2023-11-24,5078.0,4043.0,16170.0,0.422,138.0,850169.0
2023-11-25,3690.0,2755.0,14752.0,0.467,83.0,431230.0
2023-11-26,3533.0,2755.0,9885.0,0.53,48.0,308326.0
2023-11-27,9365.0,6608.0,27160.0,0.5,236.0,1477187.0
2023-11-28,8526.0,6331.0,30561.0,0.472,297.0,1694687.0
2023-11-29,5230.0,4145.0,20164.0,0.445,73.0,462333.0
2023-11-30,5920.0,4327.0,21096.0,0.412,112.0,758954.0
2023-12-01,4233.0,3350.0,15887.0,0.402,127.0,973575.0
2023-12-02,3171.0,2493.0,11801.0,0.479,69.0,420892.0
2023-12-03,3494.0,2463.0,13224.0,0.438,61.0,393552.0
2023-12-04,4341.0,3316.0,14358.0,0.472,156.0,714723.0
2023-12-05,4614.0,3602.0,14787.0,0.5,115.0,710710.0
2023-12-06,5544.0,4363.0,17093.0,0.517,167.0,1039962.0
2023-12-07,5804.0,4338.0,20129.0,0.432,95.0,673516.0
2023-12-08,4559.0,3309.0,15143.0,0.382,82.0,508103.0
2023-12-09,3264.0,2418.0,8935.0,0.528,112.0,776024.0
2023-12-10,3484.0,2787.0,12112.0,0.396,92.0,484164.0
2023-12-11,4787.0,3701.0,14766.0,0.453,120.0,837976.0
2023-12-12,5993.0,4480.0,15658.0,0.442,59.0,452694.0
2023-12-13,6288.0,4818.0,20678.0,0.5,215.0,1335244.0
2023-12-14,5585.0,4437.0,16592.0,0.497,187.0,1085752.0
2023-12-15,4737.0,3751.0,13239.0,0.493,137.0,993193.0
2023-12-16,3752.0,2708.0,13272.0,0.438,71.0,444646.0
2023-12-17,3334.0,2641.0,9660.0,0.449,93.0,693301.0
2023-12-18,4508.0,3385.0,14727.0,0.486,113.0,825629.0
2023-12-19,5779.0,4255.0,23085.0,0.425,104.0,626460.0
2023-12-20,5810.0,4150.0,15815.0,0.471,150.0,1026499.0
2023-12-21,5210.0,3960.0,15223.0,0.46,80.0,452656.0
2023-12-22,5175.0,3965.0,14497.0,0.485,173.0,724108.0
2023-12-23,3746.0,2696.0,9803.0,0.408,113.0,633575.0
2023-12-24,3252.0,2503.0,8877.0,0.411,93.0,518938.0
2023-12-25,4760.0,3756.0,16821.0,0.474,85.0,443001.0
2023-12-26,5507.0,4370.0,18498.0,0.397,142.0,642097.0
2023-12-27,11213.0,8571.0,39988.0,0.437,232.0,1455350.0
2023-12-28,13171.0,9752.0,43219.0,0.414,365.0,2513208.0
2023-12-29,4576.0,3656.0,13226.0,0.417,115.0,829945.0
2023-12-30,3590.0,2752.0,10492.0,0.41,81.0,499522.0
2023-12-31,3465.0,2618.0,12987.0,0.469,104.0,549799.0
2024-01-01,4949.0,3862.0,19481.0,0.45,114.0,789903.0
2024-01-02,5946.0,4476.0,16757.0,0.493,190.0,1164500.0
2024-01-03,6434.0,5125.0,17780.0,0.455,147.0,846880.0
2024-01-04,5996.0,4613.0,16477.0,0.46,130.0,826200.0
2024-01-05,4272.0,3304.0,12807.0,0.541,139.0,907818.0
2024-01-06,3388.0,2464.0,9452.0,0.52,91.0,511400.0
2024-01-07,3584.0,2743.0,13847.0,0.438,121.0,753933.0
2024-01-08,5195.0,3758.0,17026.0,0.453,98.0,529622.0
2024-01-09,5408.0,4313.0,15054.0,0.503,57.0,333653.0
2024-01-10,5892.0,4574.0,19322.0,0.363,162.0,837869.0
2024-01-11,6506.0,4686.0,22996.0,0.441,171.0,1136289.0
2024-01-12,4331.0,3070.0,11445.0,0.432,67.0,468665.0
2024-01-13,3569.0,2572.0,14275.0,0.391,105.0,679999.0
2024-01-14,3447.0,2724.0,10930.0,0.444,98.0,689823.0
2024-01-15,4866.0,3591.0,15787.0,0.366,157.0,806246.0
2024-01-16,5685.0,4110.0,20670.0,0.57,126.0,902812.0
2024-01-17,6474.0,4687.0,22086.0,0.446,178.0,1043905.0
2024-01-18,6282.0,4810.0,19527.0,0.45,115.0,778748.0
2024-01-19,6115.0,4738.0,21727.0,0.378,196.0,1229245.0
2024-01-20,4069.0,3214.0,13942.0,0.459,99.0,643039.0
2024-01-21,3611.0,2823.0,13557.0,0.547,108.0,720772.0
2024-01-22,5109.0,3636.0,15437.0,0.438,139.0,945137.0
2024-01-23,6232.0,4878.0,24367.0,0.495,165.0,1195901.0
2024-01-24,7297.0,5315.0,24469.0,0.502,234.0,1202462.0
2024-01-25,5926.0,4665.0,23133.0,0.315,107.0,652282.0
2024-01-26,5328.0,3745.0,16187.0,0.429,159.0,813589.0
2024-01-27,3663.0,2862.0,13692.0,0.435,114.0,670600.0
2024-01-28,3917.0,2997.0,14876.0,0.414,107.0,683362.0
2024-01-29,4658.0,3393.0,11897.0,0.38,92.0,606049.0
2024-01-30,5961.0,4581.0,19664.0,0.412,165.0,1259760.0
2024-01-31,5832.0,4186.0,16917.0,0.366,152.0,973207.0
2024-02-01,6141.0,4632.0,16763.0,0.465,71.0,448767.0
2024-02-02,5498.0,4261.0,13751.0,0.475,115.0,689834.0
2024-02-03,3644.0,2785.0,9700.0,0.492,67.0,367518.0
2024-02-04,3632.0,2548.0,13603.0,0.435,113.0,622232.0
2024-02-05,5464.0,3864.0,21064.0,0.408,110.0,757906.0
2024-02-06,5918.0,4172.0,16838.0,0.511,174.0,1195960.0
2024-02-07,6605.0,4628.0,24830.0,0.441,187.0,1272584.0
2024-02-08,6000.0,4260.0,16361.0,0.466,152.0,1064239.0
2024-02-09,4989.0,3893.0,17542.0,0.502,113.0,720047.0
2024-02-10,3668.0,2569.0,14359.0,0.405,119.0,771435.0
2024-02-11,4182.0,3313.0,16703.0,0.457,104.0,492261.0
2024-02-12,5067.0,3861.0,19919.0,0.501,165.0,1102530.0
2024-02-13,6024.0,4337.0,21816.0,0.458,158.0,1054298.0
2024-02-14,6904.0,4869.0,20834.0,0.441,165.0,994299.0
2024-02-15,6275.0,4634.0,17787.0,0.505,125.0,828093.0
2024-02-16,5501.0,3983.0,15003.0,0.409,196.0,1337056.0
2024-02-17,4317.0,3301.0,11521.0,0.405,119.0,788780.0
2024-02-18,3951.0,3006.0,10322.0,0.464,66.0,389530.0
2024-02-19,4944.0,3801.0,18072.0,0.404,158.0,781220.0
2024-02-20,6300.0,4853.0,16296.0,0.446,158.0,916365.0
2024-02-21,6259.0,4949.0,20256.0,0.42,144.0,826446.0
2024-02-22,6056.0,4453.0,21535.0,0.432,164.0,1052381.0
2024-02-23,5716.0,4537.0,20157.0,0.485,131.0,688937.0
2024-02-24,3838.0,2968.0,12152.0,0.472,74.0,347701.0
2024-02-25,3705.0,2805.0,9777.0,0.432,96.0,549737.0
2024-02-26,,,,,,
2024-02-27,6150.0,4678.0,20507.0,0.449,127.0,876911.0
2024-02-28,6432.0,4549.0,20270.0,0.451,147.0,746803.0
2024-02-29,6596.0,4937.0,23113.0,0.437,172.0,1136671.0
2024-03-01,5476.0,4199.0,14073.0,0.434,176.0,935008.0
2024-03-02,3815.0,2989.0,14821.0,0.531,104.0,695503.0
2024-03-03,4503.0,3333.0,17653.0,0.445,143.0,1009316.0
2024-03-04,5376.0,3814.0,17289.0,0.455,127.0,841240.0
2024-03-05,5876.0,4479.0,21884.0,0.378,152.0,936048.0
2024-03-06,6096.0,4667.0,15556.0,0.416,150.0,868903.0
2024-03-07,5851.0,4417.0,18200.0,0.537,122.0,734823.0
2024-03-08,5001.0,3905.0,17930.0,0.541,129.0,849224.0
2024-03-09,3858.0,2862.0,12901.0,0.439,89.0,603210.0
2024-03-10,3820.0,2809.0,11107.0,0.376,104.0,644856.0
2024-03-11,5502.0,3961.0,19959.0,0.495,149.0,1120709.0
2024-03-12,5809.0,4642.0,22672.0,0.408,203.0,1006610.0
2024-03-13,6446.0,4873.0,18635.0,0.512,126.0,638958.0
2024-03-14,6101.0,4557.0,22303.0,0.442,150.0,734939.0
2024-03-15,6031.0,4235.0,23259.0,0.425,85.0,411198.0
2024-03-16,3939.0,3000.0,11600.0,0.44,85.0,543756.0
2024-03-17,3956.0,2862.0,12730.0,0.498,91.0,545334.0
2024-03-18,5709.0,4107.0,20810.0,0.434,118.0,675845.0
2024-03-19,6316.0,4624.0,19919.0,0.398,180.0,880837.0
2024-03-20,6658.0,5129.0,25721.0,0.385,197.0,1277751.0
2024-03-21,6203.0,4867.0,16328.0,0.443,183.0,1107917.0
2024-03-22,5431.0,3944.0,20091.0,0.435,176.0,1057325.0
2024-03-23,3926.0,3058.0,15258.0,0.453,82.0,481653.0
2024-03-24,3827.0,2906.0,9801.0,0.432,81.0,474849.0
2024-03-25,5315.0,4070.0,17391.0,0.45,144.0,1070979.0
2024-03-26,6995.0,5164.0,22444.0,0.431,224.0,1560207.0
2024-03-27,6193.0,4354.0,16350.0,0.506,123.0,942142.0
2024-03-28,5622.0,4348.0,14400.0,0.436,227.0,1597412.0
2024-03-29,5696.0,4407.0,15535.0,0.476,93.0,534191.0
2024-03-30,4292.0,3246.0,16428.0,0.46,116.0,841972.0
2024-03-31,3848.0,2987.0,9694.0,0.411,115.0,847295.0
2024-04-01,5703.0,4438.0,22330.0,0.38,132.0,907678.0
2024-04-02,6952.0,5558.0,23918.0,0.48,221.0,1501386.0
2024-04-03,6689.0,4774.0,23616.0,0.448,198.0,1400475.0
2024-04-04,6546.0,4827.0,22732.0,0.52,204.0,1470190.0
2024-04-05,5335.0,4137.0,19246.0,0.43,141.0,818762.0
2024-04-06,3842.0,2979.0,13122.0,0.483,94.0,693552.0
2024-04-07,3846.0,2854.0,10776.0,0.403,102.0,701146.0
2024-04-08,5712.0,4366.0,22050.0,0.432,154.0,986691.0
2024-04-09,6940.0,4951.0,25733.0,0.415,160.0,983812.0
2024-04-10,7116.0,5666.0,21462.0,0.438,145.0,735779.0
2024-04-11,6175.0,4578.0,18511.0,0.451,180.0,1209610.0
2024-04-12,5389.0,4186.0,16090.0,0.423,186.0,1077087.0
2024-04-13,3936.0,2769.0,15127.0,0.45,88.0,555485.0
2024-04-14,3974.0,2958.0,12373.0,0.481,130.0,670117.0
2024-04-15,5707.0,4350.0,20045.0,0.39,143.0,911799.0
2024-04-16,5845.0,4232.0,15239.0,0.447,181.0,1056978.0
2024-04-17,6453.0,5126.0,19188.0,0.419,105.0,426788.0
2024-04-18,7267.0,5292.0,26714.0,0.419,212.0,1270551.0
2024-04-19,5859.0,4450.0,20351.0,0.48,159.0,969457.0
2024-04-20,4159.0,3058.0,11875.0,0.453,130.0,890209.0
2024-04-21,3668.0,2929.0,14009.0,0.49,50.0,328531.0
2024-04-22,5900.0,4265.0,15839.0,0.438,112.0,750989.0
2024-04-23,6684.0,5227.0,23038.0,0.451,175.0,1040781.0
2024-04-24,6334.0,4580.0,23289.0,0.419,205.0,1127074.0
2024-04-25,6128.0,4813.0,24417.0,0.465,126.0,767432.0
2024-04-26,5962.0,4702.0,16262.0,0.447,118.0,852859.0
2024-04-27,3767.0,2779.0,11883.0,0.433,94.0,614794.0
2024-04-28,4180.0,3274.0,14702.0,0.493,77.0,471163.0
2024-04-29,5421.0,4054.0,18148.0,0.375,84.0,492822.0
2024-04-30,6782.0,5020.0,22482.0,0.4,163.0,1167975.0
2024-05-01,7378.0,5420.0,23220.0,0.393,199.0,1506577.0
2024-05-02,7407.0,5550.0,27571.0,0.45,223.0,1568747.0
2024-05-03,5175.0,3939.0,17318.0,0.444,147.0,842817.0
2024-05-04,3757.0,2703.0,10334.0,0.46,128.0,719212.0
2024-05-05,4037.0,3030.0,12378.0,0.444,101.0,570248.0
2024-05-06,6212.0,4501.0,21904.0,0.451,115.0,786888.0
2024-05-07,6769.0,5372.0,26688.0,0.514,115.0,782942.0
2024-05-08,6469.0,5134.0,23768.0,0.443,81.0,500432.0
2024-05-09,7077.0,5204.0,28229.0,0.444,211.0,1143132.0
2024-05-10,5799.0,4344.0,20937.0,0.417,140.0,755310.0
2024-05-11,4467.0,3545.0,15519.0,0.545,58.0,332043.0
2024-05-12,3806.0,3032.0,14736.0,0.401,105.0,716857.0
2024-05-13,5994.0,4372.0,20847.0,0.452,165.0,998557.0
2024-05-14,7162.0,5474.0,26525.0,0.419,141.0,888572.0
2024-05-15,6670.0,5297.0,21316.0,0.375,225.0,1678863.0
2024-05-16,6816.0,4871.0,27107.0,0.421,151.0,870157.0
2024-05-17,6024.0,4493.0,18746.0,0.393,183.0,1402819.0
2024-05-18,4227.0,3357.0,11069.0,0.41,103.0,747456.0
2024-05-19,3906.0,3072.0,12490.0,0.457,115.0,735528.0
2024-05-20,6068.0,4819.0,22991.0,0.485,168.0,1328316.0
2024-05-21,6296.0,4677.0,20139.0,0.46,136.0,647297.0
2024-05-22,7182.0,5382.0,24831.0,0.499,148.0,941625.0
2024-05-23,7010.0,5551.0,23821.0,0.473,243.0,1573467.0
2024-05-24,6039.0,4592.0,20350.0,0.382,110.0,724741.0
2024-05-25,9869.0,6991.0,37308.0,0.477,226.0,1418467.0
2024-05-26,8847.0,6910.0,28063.0,0.452,184.0,1029402.0
2024-05-27,9294.0,6615.0,35207.0,0.491,212.0,1558578.0
2024-05-28,6796.0,4826.0,21393.0,0.463,158.0,1054966.0
2024-05-29,7336.0,5198.0,28909.0,0.428,184.0,1385868.0
2024-05-30,7427.0,5547.0,22940.0,0.409,258.0,1744177.0
2024-05-31,5865.0,4559.0,15463.0,0.445,180.0,1069755.0
2024-06-01,4191.0,3176.0,13354.0,0.478,76.0,328043.0
2024-06-02,3800.0,2989.0,12971.0,0.453,125.0,779063.0
2024-06-03,5933.0,4165.0,16658.0,0.472,214.0,1380885.0
2024-06-04,7329.0,5789.0,25829.0,0.469,155.0,839735.0
2024-06-05,7063.0,5485.0,19088.0,0.395,211.0,1355030.0
2024-06-06,7088.0,5538.0,17988.0,0.421,198.0,1112724.0
2024-06-07,6413.0,4719.0,22207.0,0.362,132.0,861012.0
2024-06-08,4564.0,3583.0,16609.0,0.432,126.0,710115.0
2024-06-09,4440.0,3253.0,16203.0,0.399,107.0,794483.0
2024-06-10,6195.0,4800.0,19287.0,0.466,150.0,938520.0
2024-06-11,5421.0,4227.0,15301.0,0.491,168.0,1155068.0
2024-06-12,6471.0,5043.0,20855.0,0.421,89.0,511132.0
2024-06-13,7099.0,5300.0,23343.0,0.434,215.0,1282561.0
2024-06-14,5419.0,4029.0,15961.0,0.474,99.0,675011.0
2024-06-15,4541.0,3452.0,14270.0,0.414,131.0,755208.0
2024-06-16,4087.0,3227.0,12330.0,0.483,53.0,325199.0
2024-06-17,5323.0,3954.0,18122.0,0.33,141.0,805443.0
2024-06-18,7201.0,5725.0,23389.0,0.42,187.0,934737.0
2024-06-19,7052.0,5638.0,22235.0,0.455,151.0,980512.0
2024-06-20,6580.0,4843.0,18331.0,0.364,141.0,961149.0
2024-06-21,6340.0,4701.0,20078.0,0.511,171.0,1009506.0
2024-06-22,4262.0,3069.0,13346.0,0.424,97.0,763848.0
2024-06-23,3953.0,3108.0,12694.0,0.444,138.0,894119.0
2024-06-24,5528.0,3953.0,19735.0,0.443,115.0,715547.0
2024-06-25,6207.0,4891.0,18851.0,0.446,141.0,707926.0
2024-06-26,8103.0,6043.0,24475.0,0.432,176.0,947412.0
2024-06-27,7589.0,5595.0,29766.0,0.39,178.0,1174939.0
2024-06-28,6121.0,4557.0,19668.0,0.468,185.0,1254486.0
2024-06-29,4166.0,3293.0,15720.0,0.462,139.0,902491.0
2024-06-30,4410.0,3219.0,15365.0,0.44,112.0,595196.0
2024-07-01,5877.0,4217.0,16746.0,0.416,150.0,682472.0
2024-07-02,7254.0,5651.0,22469.0,0.417,234.0,1402872.0
2024-07-03,7708.0,5826.0,27062.0,0.418,178.0,1330175.0
2024-07-04,7103.0,5047.0,21455.0,0.444,188.0,1258901.0
2024-07-05,6042.0,4241.0,24100.0,0.451,193.0,1249559.0
2024-07-06,4531.0,3565.0,15294.0,0.493,105.0,716651.0
2024-07-07,4315.0,3064.0,15539.0,0.53,110.0,689051.0
2024-07-08,5393.0,4110.0,14201.0,0.579,144.0,676682.0
2024-07-09,7092.0,5177.0,24513.0,0.376,201.0,1339391.0
2024-07-10,8285.0,6578.0,32461.0,0.47,275.0,1677303.0
2024-07-11,6967.0,5164.0,23614.0,0.516,187.0,820953.0
2024-07-12,6283.0,4741.0,21725.0,0.439,147.0,1005366.0
2024-07-13,4314.0,3265.0,14120.0,0.486,74.0,318609.0
2024-07-14,4416.0,3324.0,14955.0,0.393,136.0,887845.0
2024-07-15,5920.0,4249.0,19701.0,0.472,165.0,972142.0
2024-07-16,8017.0,6229.0,27417.0,0.441,199.0,1149719.0
2024-07-17,7740.0,5853.0,21722.0,0.536,194.0,1112537.0
2024-07-18,7189.0,5541.0,25820.0,0.406,230.0,1480454.0
2024-07-19,6348.0,4813.0,17985.0,0.528,210.0,1398229.0
2024-07-20,4461.0,3182.0,12851.0,0.472,127.0,977125.0
2024-07-21,4760.0,3735.0,16236.0,0.411,154.0,1079010.0
2024-07-22,5817.0,4449.0,16281.0,0.408,107.0,774303.0
2024-07-23,6726.0,5109.0,21782.0,0.466,134.0,710419.0
2024-07-24,7833.0,5692.0,25190.0,0.545,241.0,1435152.0
2024-07-25,7134.0,5161.0,20792.0,0.538,146.0,903979.0
2024-07-26,6033.0,4513.0,18013.0,0.372,71.0,416725.0
2024-07-27,3963.0,2858.0,12136.0,0.457,97.0,583505.0
2024-07-28,4398.0,3281.0,14614.0,0.501,96.0,708815.0
2024-07-29,5897.0,4673.0,16045.0,0.456,135.0,928931.0
2024-07-30,7577.0,5846.0,27119.0,0.438,305.0,2209919.0
2024-07-31,7132.0,5554.0,19057.0,0.421,119.0,774094.0
2024-08-01,7452.0,5308.0,29504.0,0.52,185.0,1074229.0
2024-08-02,6293.0,4747.0,16993.0,0.449,128.0,822490.0
2024-08-03,4310.0,3041.0,13233.0,0.519,125.0,863025.0
2024-08-04,4774.0,3470.0,18839.0,0.465,165.0,1022530.0
2024-08-05,6693.0,4891.0,18576.0,0.488,189.0,1479781.0
2024-08-06,7037.0,5040.0,22701.0,0.445,130.0,968252.0
2024-08-07,7590.0,5384.0,26495.0,0.455,165.0,1069210.0
2024-08-08,6405.0,4776.0,23452.0,0.483,201.0,1298503.0
2024-08-09,6713.0,5171.0,20163.0,0.53,222.0,1615845.0
2024-08-10,4487.0,3147.0,15359.0,0.459,118.0,822511.0
2024-08-11,4779.0,3511.0,15618.0,0.477,167.0,1202048.0
2024-08-12,6043.0,4450.0,23402.0,0.459,139.0,670749.0
2024-08-13,7464.0,5944.0,19671.0,0.468,200.0,884837.0
2024-08-14,7960.0,6196.0,25783.0,0.538,175.0,1076571.0
2024-08-15,7609.0,5447.0,26977.0,0.451,169.0,1038729.0
2024-08-16,6242.0,4782.0,19791.0,0.437,167.0,832810.0
2024-08-17,4384.0,3319.0,16720.0,0.42,126.0,895257.0
2024-08-18,4197.0,3298.0,14492.0,0.412,111.0,671809.0
2024-08-19,6320.0,4654.0,23654.0,0.452,201.0,1237762.0
2024-08-20,6907.0,5498.0,20823.0,0.372,169.0,954232.0
2024-08-21,8035.0,6045.0,23439.0,0.477,180.0,981241.0
2024-08-22,6580.0,5056.0,23134.0,0.544,159.0,1071777.0
2024-08-23,6970.0,4890.0,21965.0,0.469,104.0,646257.0
2024-08-24,4734.0,3613.0,15604.0,0.486,141.0,859368.0
2024-08-25,4547.0,3423.0,11664.0,0.443,112.0,658790.0
2024-08-26,5988.0,4722.0,18458.0,0.52,160.0,1069360.0
2024-08-27,6956.0,5282.0,21388.0,0.495,216.0,1445306.0
2024-08-28,7625.0,5439.0,30080.0,0.426,168.0,868323.0
2024-08-29,7766.0,6193.0,25995.0,0.552,290.0,1827542.0
2024-08-30,6567.0,4777.0,21179.0,0.432,191.0,894803.0
2024-08-31,4730.0,3642.0,15593.0,0.459,146.0,957577.0
2024-09-01,4805.0,3364.0,13454.0,0.468,101.0,661005.0
2024-09-02,6563.0,4903.0,16628.0,0.525,169.0,1082642.0
2024-09-03,7728.0,6122.0,27755.0,0.417,90.0,437798.0
2024-09-04,7870.0,5792.0,24582.0,0.479,167.0,717526.0
2024-09-05,7057.0,5325.0,20525.0,0.397,83.0,455581.0
2024-09-06,7076.0,5624.0,23843.0,0.401,230.0,1390688.0
2024-09-07,5011.0,3841.0,18841.0,0.383,111.0,578454.0
2024-09-08,4115.0,3152.0,13976.0,0.521,107.0,551359.0
2024-09-09,6277.0,4836.0,24843.0,0.443,162.0,1059728.0
2024-09-10,8438.0,6673.0,27649.0,0.419,229.0,1067321.0
2024-09-11,8555.0,6753.0,23174.0,0.39,171.0,1325355.0
2024-09-12,8047.0,5659.0,24426.0,0.534,242.0,1686452.0
2024-09-13,5669.0,4108.0,18785.0,0.388,167.0,1146734.0
2024-09-14,4574.0,3297.0,15226.0,0.449,156.0,1052755.0
2024-09-15,4402.0,3175.0,12393.0,0.464,89.0,526768.0
2024-09-16,6363.0,4965.0,20424.0,0.483,198.0,1248058.0
2024-09-17,7414.0,5737.0,20879.0,0.46,252.0,1568839.0
2024-09-18,8489.0,6517.0,32419.0,0.532,192.0,1514854.0
2024-09-19,7376.0,5442.0,28887.0,0.491,253.0,1608740.0
2024-09-20,,,,,,
2024-09-21,4441.0,3496.0,16708.0,0.463,119.0,685828.0
2024-09-22,4227.0,3151.0,14340.0,0.513,89.0,588940.0
2024-09-23,6579.0,4895.0,19786.0,0.415,104.0,721931.0
2024-09-24,7984.0,5993.0,21375.0,0.39,192.0,1000479.0
2024-09-25,8018.0,6309.0,28964.0,0.445,280.0,2073126.0
2024-09-26,8302.0,6407.0,22217.0,0.447,238.0,1333285.0
2024-09-27,6474.0,4800.0,20042.0,0.431,175.0,1028859.0
2024-09-28,4877.0,3505.0,15964.0,0.399,94.0,548583.0
2024-09-29,4095.0,3203.0,14689.0,0.518,90.0,588279.0
2024-09-30,6611.0,4725.0,26031.0,0.508,145.0,1076004.0
2024-10-01,8325.0,6153.0,25426.0,0.42,181.0,1108209.0
2024-10-02,7734.0,5991.0,19599.0,0.416,189.0,1194158.0
2024-10-03,7924.0,5914.0,23325.0,0.5,167.0,1143639.0
2024-10-04,,,,,,
2024-10-05,4665.0,3277.0,15124.0,0.414,60.0,483302.0
2024-10-06,4754.0,3346.0,15427.0,0.421,122.0,814287.0
2024-10-07,6431.0,5130.0,16471.0,0.458,92.0,467688.0
2024-10-08,7248.0,5509.0,28963.0,0.475,227.0,1163953.0
2024-10-09,8111.0,6326.0,31996.0,0.54,236.0,1497890.0
2024-10-10,7600.0,5771.0,28424.0,0.398,105.0,450015.0
2024-10-11,6754.0,5019.0,26797.0,0.492,203.0,1336092.0
2024-10-12,4136.0,2999.0,15963.0,0.495,129.0,724584.0
2024-10-13,4600.0,3558.0,13855.0,0.462,110.0,731174.0
2024-10-14,6969.0,5340.0,22610.0,0.443,158.0,1011289.0
2024-10-15,,,,,,
2024-10-16,8766.0,6615.0,28608.0,0.433,254.0,1376846.0
2024-10-17,7756.0,6099.0,20924.0,0.45,101.0,719113.0
2024-10-18,7178.0,5365.0,22055.0,0.432,245.0,1244430.0
2024-10-19,5283.0,4163.0,18315.0,0.459,99.0,534117.0
2024-10-20,4612.0,3580.0,18144.0,0.353,176.0,1041318.0
2024-10-21,6547.0,4807.0,18589.0,0.462,155.0,1215634.0
2024-10-22,9038.0,6679.0,33953.0,0.404,278.0,1531327.0
2024-10-23,7995.0,6320.0,27983.0,0.435,212.0,1170741.0
2024-10-24,6949.0,4901.0,24968.0,0.389,196.0,1851486.0
2024-10-25,7442.0,5700.0,24766.0,0.411,173.0,746147.0
2024-10-26,4889.0,3620.0,12489.0,0.542,106.0,494489.0
2024-10-27,4350.0,3180.0,17278.0,0.496,98.0,621157.0
2024-10-28,6125.0,4728.0,19816.0,0.37,183.0,1101046.0
2024-10-29,7892.0,6185.0,25113.0,0.443,264.0,1954469.0
2024-10-30,7579.0,5910.0,19590.0,0.537,110.0,654816.0
2024-10-31,7504.0,5458.0,26030.0,0.479,188.0,1263530.0
2024-11-01,6244.0,4934.0,16866.0,0.441,161.0,1089666.0
2024-11-02,4897.0,3796.0,17958.0,0.495,154.0,926560.0
2024-11-03,4789.0,3576.0,17501.0,0.446,87.0,487476.0
2024-11-04,5942.0,4724.0,21812.0,0.488,157.0,1126927.0
2024-11-05,8471.0,6529.0,22648.0,0.417,215.0,1393193.0
2024-11-06,7820.0,5850.0,27042.0,0.447,223.0,1303319.0
2024-11-07,7723.0,5605.0,29124.0,0.386,220.0,1451548.0
2024-11-08,7747.0,6173.0,29738.0,0.433,155.0,1141446.0
2024-11-09,4836.0,3621.0,12212.0,0.489,185.0,1059091.0
2024-11-10,4672.0,3660.0,14984.0,0.463,109.0,878389.0
2024-11-11,6469.0,5006.0,16887.0,0.449,187.0,1462326.0
2024-11-12,8187.0,6094.0,29483.0,0.402,216.0,1414997.0
2024-11-13,8072.0,6274.0,21617.0,0.421,169.0,1146838.0
2024-11-14,7007.0,5455.0,23324.0,0.414,167.0,965106.0
2024-11-15,6368.0,4977.0,19832.0,0.424,185.0,1181637.0
2024-11-16,4729.0,3477.0,18776.0,0.368,132.0,849752.0
2024-11-17,4805.0,3670.0,12233.0,0.514,195.0,1461567.0
2024-11-18,6082.0,4723.0,24084.0,0.496,168.0,1067762.0
2024-11-19,7906.0,6177.0,21050.0,0.451,201.0,1143855.0
2024-11-20,8156.0,5713.0,22651.0,0.466,245.0,1602075.0
2024-11-21,15980.0,11643.0,54741.0,0.456,228.0,1349647.0
2024-11-22,10905.0,7885.0,27752.0,0.412,290.0,1691843.0
2024-11-23,5513.0,4096.0,19705.0,0.366,77.0,567809.0
2024-11-24,4773.0,3787.0,12533.0,0.432,106.0,780458.0
2024-11-25,6709.0,5226.0,24399.0,0.42,148.0,1029653.0
2024-11-26,8291.0,6000.0,29390.0,0.405,156.0,927497.0
2024-11-27,8349.0,6376.0,22641.0,0.548,199.0,1016077.0
2024-11-28,8281.0,6487.0,21860.0,0.418,231.0,1103452.0
2024-11-29,7170.0,5667.0,19422.0,0.431,141.0,816746.0
2024-11-30,4584.0,3316.0,18116.0,0.477,105.0,622134.0
2024-12-01,5068.0,3864.0,19315.0,0.419,123.0,683600.0
2024-12-02,6543.0,5063.0,16757.0,0.412,98.0,509199.0
2024-12-03,7742.0,5681.0,23379.0,0.393,262.0,1629723.0
2024-12-04,8475.0,6655.0,22140.0,0.492,184.0,1321255.0
2024-12-05,7525.0,5630.0,24659.0,0.409,188.0,920768.0
2024-12-06,7344.0,5512.0,21403.0,0.427,144.0,869911.0
2024-12-07,5252.0,3777.0,18123.0,0.421,96.0,636653.0
2024-12-08,5607.0,4264.0,16574.0,0.388,144.0,1107993.0
2024-12-09,6637.0,4838.0,25869.0,0.417,180.0,1277399.0
2024-12-10,7807.0,5989.0,30326.0,0.431,178.0,1125147.0
2024-12-11,9443.0,7235.0,24054.0,0.463,172.0,953436.0
2024-12-12,7305.0,5255.0,22168.0,0.455,223.0,1419232.0
2024-12-13,6813.0,5224.0,22951.0,0.539,173.0,1310380.0
2024-12-14,5488.0,4146.0,18827.0,0.486,204.0,845510.0
2024-12-15,4718.0,3566.0,17520.0,0.495,76.0,455769.0
2024-12-16,7885.0,6059.0,25910.0,0.437,222.0,1599028.0
2024-12-17,7794.0,5490.0,20493.0,0.429,181.0,1157623.0
2024-12-18,8040.0,5823.0,22190.0,0.529,227.0,1493745.0
2024-12-19,8217.0,6135.0,27491.0,0.443,202.0,1328440.0
2024-12-20,7121.0,5015.0,26450.0,0.385,129.0,710292.0
2024-12-21,4904.0,3673.0,17263.0,0.397,123.0,846545.0
2024-12-22,4851.0,3590.0,14022.0,0.457,124.0,761417.0
2024-12-23,6984.0,5413.0,24120.0,0.415,236.0,1525092.0
2024-12-24,7848.0,6121.0,26833.0,0.435,178.0,978995.0
2024-12-25,8138.0,6139.0,23237.0,0.443,176.0,1200332.0
2024-12-26,8246.0,6516.0,27159.0,0.432,204.0,1124961.0
2024-12-27,7104.0,5202.0,20650.0,0.43,118.0,732548.0
2024-12-28,4597.0,3446.0,11548.0,0.583,104.0,694657.0
2024-12-29,5115.0,3815.0,18738.0,0.4,122.0,745310.0
2024-12-30,6920.0,5144.0,20648.0,0.49,176.0,1245370.0
2024-12-31,8781.0,6441.0,34456.0,0.456,172.0,1040230.0
