date,ticker,close
2023-01-02,アオゾラ電機,1535.8
2023-01-03,アオゾラ電機,1554.4
2023-01-04,アオゾラ電機,1528.2
2023-01-05,アオゾラ電機,1532.4
2023-01-06,アオゾラ電機,1540.3
2023-01-09,アオゾラ電機,1558.4
2023-01-10,アオゾラ電機,1552.7
2023-01-11,アオゾラ電機,1565.4
2023-01-12,アオゾラ電機,1590.0
2023-01-13,アオゾラ電機,1537.0
2023-01-16,アオゾラ電機,1569.6
2023-01-17,アオゾラ電機,1567.3
2023-01-18,アオゾラ電機,1494.3
2023-01-19,アオゾラ電機,1467.1
2023-01-20,アオゾラ電機,1463.9
2023-01-23,アオゾラ電機,1473.0
2023-01-24,アオゾラ電機,1471.8
2023-01-25,アオゾラ電機,1538.8
2023-01-26,アオゾラ電機,1583.3
2023-01-27,アオゾラ電機,1589.7
2023-01-30,アオゾラ電機,1572.8
2023-01-31,アオゾラ電機,1628.7
2023-02-01,アオゾラ電機,1606.5
2023-02-02,アオゾラ電機,1588.3
2023-02-03,アオゾラ電機,1538.7
2023-02-06,アオゾラ電機,1521.2
2023-02-07,アオゾラ電機,1524.6
2023-02-08,アオゾラ電機,1547.4
2023-02-09,アオゾラ電機,1556.3
2023-02-10,アオゾラ電機,1562.8
2023-02-13,アオゾラ電機,1563.9
2023-02-14,アオゾラ電機,1522.4
2023-02-15,アオゾラ電機,1540.5
2023-02-16,アオゾラ電機,1545.9
2023-02-17,アオゾラ電機,1535.9
2023-02-20,アオゾラ電機,1589.4
2023-02-21,アオゾラ電機,1560.6
2023-02-22,アオゾラ電機,1560.8
2023-02-23,アオゾラ電機,1596.3
2023-02-24,アオゾラ電機,1582.8
2023-02-27,アオゾラ電機,1622.2
2023-02-28,アオゾラ電機,1615.6
2023-03-01,アオゾラ電機,1595.5
2023-03-02,アオゾラ電機,1623.0
2023-03-03,アオゾラ電機,1621.2
2023-03-06,アオゾラ電機,1598.5
2023-03-07,アオゾラ電機,1629.5
2023-03-08,アオゾラ電機,1606.0
2023-03-09,アオゾラ電機,1627.8
2023-03-10,アオゾラ電機,1574.3
2023-03-13,アオゾラ電機,1561.5
2023-03-14,アオゾラ電機,1562.9
2023-03-15,アオゾラ電機,1568.0
2023-03-16,アオゾラ電機,1537.7
2023-03-17,アオゾラ電機,1543.1
2023-03-20,アオゾラ電機,1537.4
2023-03-21,アオゾラ電機,1512.2
2023-03-22,アオゾラ電機,1492.2
2023-03-23,アオゾラ電機,1476.5
2023-03-24,アオゾラ電機,1490.4
2023-03-27,アオゾラ電機,1530.7
2023-03-28,アオゾラ電機,1522.1
2023-03-29,アオゾラ電機,1506.4
2023-03-30,アオゾラ電機,1467.5
2023-03-31,アオゾラ電機,1427.0
2023-04-03,アオゾラ電機,1428.2
2023-04-04,アオゾラ電機,1436.6
2023-04-05,アオゾラ電機,1454.7
2023-04-06,アオゾラ電機,1470.6
2023-04-07,アオゾラ電機,1418.5
2023-04-10,アオゾラ電機,1499.7
2023-04-11,アオゾラ電機,1495.4
2023-04-12,アオゾラ電機,1506.9
2023-04-13,アオゾラ電機,1493.3
2023-04-14,アオゾラ電機,1499.8
2023-04-17,アオゾラ電機,1471.5
2023-04-18,アオゾラ電機,1490.8
2023-04-19,アオゾラ電機,1472.9
2023-04-20,アオゾラ電機,1403.0
2023-04-21,アオゾラ電機,1412.7
2023-04-24,アオゾラ電機,1387.1
2023-04-25,アオゾラ電機,1396.5
2023-04-26,アオゾラ電機,1374.3
2023-04-27,アオゾラ電機,1355.2
2023-04-28,アオゾラ電機,1350.9
2023-05-01,アオゾラ電機,1367.2
2023-05-02,アオゾラ電機,1299.3
2023-05-03,アオゾラ電機,1283.9
2023-05-04,アオゾラ電機,1282.3
2023-05-05,アオゾラ電機,1284.3
2023-05-08,アオゾラ電機,1283.5
2023-05-09,アオゾラ電機,1257.2
2023-05-10,アオゾラ電機,1188.1
2023-05-11,アオゾラ電機,1194.2
2023-05-12,アオゾラ電機,1154.2
2023-05-15,アオゾラ電機,1144.0
2023-05-16,アオゾラ電機,1108.6
2023-05-17,アオゾラ電機,1118.4
2023-05-18,アオゾラ電機,1055.8
2023-05-19,アオゾラ電機,1062.3
2023-05-22,アオゾラ電機,1031.5
2023-05-23,アオゾラ電機,1013.9
2023-05-24,アオゾラ電機,1007.6
2023-05-25,アオゾラ電機,1053.3
2023-05-26,アオゾラ電機,1062.0
2023-05-29,アオゾラ電機,1067.5
2023-05-30,アオゾラ電機,1080.6
2023-05-31,アオゾラ電機,1032.3
2023-06-01,アオゾラ電機,1047.5
2023-06-02,アオゾラ電機,1034.3
2023-06-05,アオゾラ電機,1042.2
2023-06-06,アオゾラ電機,1058.5
2023-06-07,アオゾラ電機,1063.3
2023-06-08,アオゾラ電機,1047.2
2023-06-09,アオゾラ電機,1073.2
2023-06-12,アオゾラ電機,1033.7
2023-06-13,アオゾラ電機,1008.4
2023-06-14,アオゾラ電機,1013.6
2023-06-15,アオゾラ電機,1002.8
2023-06-16,アオゾラ電機,1031.8
2023-06-19,アオゾラ電機,1020.8
2023-06-20,アオゾラ電機,994.8
2023-06-21,アオゾラ電機,996.6
2023-06-22,アオゾラ電機,992.5
2023-06-23,アオゾラ電機,1024.4
2023-06-26,アオゾラ電機,1057.1
2023-06-27,アオゾラ電機,1057.6
2023-06-28,アオゾラ電機,1095.2
2023-06-29,アオゾラ電機,1129.8
2023-06-30,アオゾラ電機,1121.6
2023-07-03,アオゾラ電機,1122.1
2023-07-04,アオゾラ電機,1110.9
2023-07-05,アオゾラ電機,1105.0
2023-07-06,アオゾラ電機,1117.8
2023-07-07,アオゾラ電機,1085.6
2023-07-10,アオゾラ電機,1072.6
2023-07-11,アオゾラ電機,1062.2
2023-07-12,アオゾラ電機,1053.3
2023-07-13,アオゾラ電機,1029.7
2023-07-14,アオゾラ電機,1031.2
2023-07-17,アオゾラ電機,1042.7
2023-07-18,アオゾラ電機,994.9
2023-07-19,アオゾラ電機,949.8
2023-07-20,アオゾラ電機,938.0
2023-07-21,アオゾラ電機,947.6
2023-07-24,アオゾラ電機,929.5
2023-07-25,アオゾラ電機,927.4
2023-07-26,アオゾラ電機,941.2
2023-07-27,アオゾラ電機,953.7
2023-07-28,アオゾラ電機,921.2
2023-07-31,アオゾラ電機,972.7
2023-08-01,アオゾラ電機,962.9
2023-08-02,アオゾラ電機,979.6
2023-08-03,アオゾラ電機,984.2
2023-08-04,アオゾラ電機,976.4
2023-08-07,アオゾラ電機,973.9
2023-08-08,アオゾラ電機,976.3
2023-08-09,アオゾラ電機,942.1
2023-08-10,アオゾラ電機,952.1
2023-08-11,アオゾラ電機,918.1
2023-08-14,アオゾラ電機,950.5
2023-08-15,アオゾラ電機,910.9
2023-08-16,アオゾラ電機,900.2
2023-08-17,アオゾラ電機,910.2
2023-08-18,アオゾラ電機,888.1
2023-08-21,アオゾラ電機,882.4
2023-08-22,アオゾラ電機,872.9
2023-08-23,アオゾラ電機,916.9
2023-08-24,アオゾラ電機,921.8
2023-08-25,アオゾラ電機,959.4
2023-08-28,アオゾラ電機,951.0
2023-08-29,アオゾラ電機,949.5
2023-08-30,アオゾラ電機,956.7
2023-08-31,アオゾラ電機,950.9
2023-09-01,アオゾラ電機,960.5
2023-09-04,アオゾラ電機,944.8
2023-09-05,アオゾラ電機,950.9
2023-09-06,アオゾラ電機,935.3
2023-09-07,アオゾラ電機,912.4
2023-09-08,アオゾラ電機,924.4
2023-09-11,アオゾラ電機,950.9
2023-09-12,アオゾラ電機,964.7
2023-09-13,アオゾラ電機,977.3
2023-09-14,アオゾラ電機,978.5
2023-09-15,アオゾラ電機,974.2
2023-09-18,アオゾラ電機,975.7
2023-09-19,アオゾラ電機,981.7
2023-09-20,アオゾラ電機,966.3
2023-09-21,アオゾラ電機,944.2
2023-09-22,アオゾラ電機,946.2
2023-09-25,アオゾラ電機,949.4
2023-09-26,アオゾラ電機,985.3
2023-09-27,アオゾラ電機,933.4
2023-09-28,アオゾラ電機,943.5
2023-09-29,アオゾラ電機,925.0
2023-10-02,アオゾラ電機,966.0
2023-10-03,アオゾラ電機,980.1
2023-10-04,アオゾラ電機,993.3
2023-10-05,アオゾラ電機,1013.7
2023-10-06,アオゾラ電機,1008.8
2023-10-09,アオゾラ電機,999.9
2023-10-10,アオゾラ電機,1032.6
2023-10-11,アオゾラ電機,1058.9
2023-10-12,アオゾラ電機,1065.2
2023-10-13,アオゾラ電機,1070.0
2023-10-16,アオゾラ電機,1059.1
2023-10-17,アオゾラ電機,1053.2
2023-10-18,アオゾラ電機,1091.4
2023-10-19,アオゾラ電機,1143.5
2023-10-20,アオゾラ電機,1109.9
2023-10-23,アオゾラ電機,1129.2
2023-10-24,アオゾラ電機,1088.9
2023-10-25,アオゾラ電機,1130.2
2023-10-26,アオゾラ電機,1142.2
2023-10-27,アオゾラ電機,1229.2
2023-10-30,アオゾラ電機,1257.7
2023-10-31,アオゾラ電機,1239.9
2023-11-01,アオゾラ電機,1245.1
2023-11-02,アオゾラ電機,1255.2
2023-11-03,アオゾラ電機,1240.5
2023-11-06,アオゾラ電機,1270.9
2023-11-07,アオゾラ電機,1250.4
2023-11-08,アオゾラ電機,1287.3
2023-11-09,アオゾラ電機,1291.2
2023-11-10,アオゾラ電機,1343.2
2023-11-13,アオゾラ電機,1343.0
2023-11-14,アオゾラ電機,1304.7
2023-11-15,アオゾラ電機,1327.8
2023-11-16,アオゾラ電機,1358.2
2023-11-17,アオゾラ電機,1414.1
2023-11-20,アオゾラ電機,1425.7
2023-11-21,アオゾラ電機,1396.5
2023-11-22,アオゾラ電機,1403.6
2023-11-23,アオゾラ電機,1421.2
2023-11-24,アオゾラ電機,1439.2
2023-11-27,アオゾラ電機,1469.5
2023-11-28,アオゾラ電機,1427.2
2023-11-29,アオゾラ電機,1414.4
2023-11-30,アオゾラ電機,1395.0
2023-12-01,アオゾラ電機,1367.2
2023-12-04,アオゾラ電機,1341.2
2023-12-05,アオゾラ電機,1324.6
2023-12-06,アオゾラ電機,1367.0
2023-12-07,アオゾラ電機,1377.6
2023-12-08,アオゾラ電機,1339.8
2023-12-11,アオゾラ電機,1373.8
2023-12-12,アオゾラ電機,1324.1
2023-12-13,アオゾラ電機,1283.7
2023-12-14,アオゾラ電機,1240.6
2023-12-15,アオゾラ電機,1237.4
2023-12-18,アオゾラ電機,1234.6
2023-12-19,アオゾラ電機,1230.2
2023-12-20,アオゾラ電機,1202.8
2023-12-21,アオゾラ電機,1231.7
2023-12-22,アオゾラ電機,1256.6
2023-12-25,アオゾラ電機,1229.6
2023-12-26,アオゾラ電機,1175.0
2023-12-27,アオゾラ電機,1213.6
2023-12-28,アオゾラ電機,1224.6
2023-12-29,アオゾラ電機,1250.8
2024-01-01,アオゾラ電機,1234.6
2024-01-02,アオゾラ電機,1268.1
2024-01-03,アオゾラ電機,1256.7
2024-01-04,アオゾラ電機,1307.0
2024-01-05,アオゾラ電機,1281.3
2024-01-08,アオゾラ電機,1261.9
2024-01-09,アオゾラ電機,1222.8
2024-01-10,アオゾラ電機,1207.5
2024-01-11,アオゾラ電機,1201.4
2024-01-12,アオゾラ電機,1164.1
2024-01-15,アオゾラ電機,1132.3
2024-01-16,アオゾラ電機,1128.0
2024-01-17,アオゾラ電機,1130.6
2024-01-18,アオゾラ電機,1132.2
2024-01-19,アオゾラ電機,1108.3
2024-01-22,アオゾラ電機,1150.8
2024-01-23,アオゾラ電機,1110.0
2024-01-24,アオゾラ電機,1121.9
2024-01-25,アオゾラ電機,1126.5
2024-01-26,アオゾラ電機,1109.0
2024-01-29,アオゾラ電機,1170.5
2024-01-30,アオゾラ電機,1180.9
2024-01-31,アオゾラ電機,1160.3
2024-02-01,アオゾラ電機,1184.5
2024-02-02,アオゾラ電機,1167.3
2024-02-05,アオゾラ電機,1173.9
2024-02-06,アオゾラ電機,1246.1
2024-02-07,アオゾラ電機,1271.4
2024-02-08,アオゾラ電機,1234.2
2024-02-09,アオゾラ電機,1214.1
2024-02-12,アオゾラ電機,1267.2
2024-02-13,アオゾラ電機,1269.4
2024-02-14,アオゾラ電機,1262.3
2024-02-15,アオゾラ電機,1323.4
2024-02-16,アオゾラ電機,1372.3
2024-02-19,アオゾラ電機,1341.6
2024-02-20,アオゾラ電機,1358.7
2024-02-21,アオゾラ電機,1382.8
2024-02-22,アオゾラ電機,1380.2
2024-02-23,アオゾラ電機,1370.9
2024-02-26,アオゾラ電機,1354.0
2024-02-27,アオゾラ電機,1289.0
2024-02-28,アオゾラ電機,1278.8
2024-02-29,アオゾラ電機,1343.5
2024-03-01,アオゾラ電機,1348.8
2024-03-04,アオゾラ電機,1378.7
2024-03-05,アオゾラ電機,1362.3
2024-03-06,アオゾラ電機,1338.5
2024-03-07,アオゾラ電機,1278.9
2024-03-08,アオゾラ電機,1274.5
2024-03-11,アオゾラ電機,1281.3
2024-03-12,アオゾラ電機,1336.0
2024-03-13,アオゾラ電機,1354.3
2024-03-14,アオゾラ電機,1380.7
2024-03-15,アオゾラ電機,1363.2
2024-03-18,アオゾラ電機,1331.1
2024-03-19,アオゾラ電機,1352.1
2024-03-20,アオゾラ電機,1401.8
2024-03-21,アオゾラ電機,1453.3
2024-03-22,アオゾラ電機,1433.3
2024-03-25,アオゾラ電機,1431.2
2024-03-26,アオゾラ電機,1393.6
2024-03-27,アオゾラ電機,1391.9
2024-03-28,アオゾラ電機,1466.7
2024-03-29,アオゾラ電機,1510.3
2024-04-01,アオゾラ電機,1511.2
2024-04-02,アオゾラ電機,1565.6
2024-04-03,アオゾラ電機,1541.1
2024-04-04,アオゾラ電機,1531.9
2024-04-05,アオゾラ電機,1568.8
2024-04-08,アオゾラ電機,1606.7
2024-04-09,アオゾラ電機,1578.6
2024-04-10,アオゾラ電機,1542.1
2024-04-11,アオゾラ電機,1509.4
2024-04-12,アオゾラ電機,1546.6
2024-04-15,アオゾラ電機,1541.9
2024-04-16,アオゾラ電機,1590.5
2024-04-17,アオゾラ電機,1567.5
2024-04-18,アオゾラ電機,1561.2
2024-04-19,アオゾラ電機,1580.1
2024-04-22,アオゾラ電機,1586.2
2024-04-23,アオゾラ電機,1585.0
2024-04-24,アオゾラ電機,1622.9
2024-04-25,アオゾラ電機,1630.5
2024-04-26,アオゾラ電機,1632.6
2024-04-29,アオゾラ電機,1631.0
2024-04-30,アオゾラ電機,1678.8
2024-05-01,アオゾラ電機,1664.8
2024-05-02,アオゾラ電機,1623.9
2024-05-03,アオゾラ電機,1651.3
2024-05-06,アオゾラ電機,1641.3
2024-05-07,アオゾラ電機,1650.6
2024-05-08,アオゾラ電機,1670.0
2024-05-09,アオゾラ電機,1680.8
2024-05-10,アオゾラ電機,1720.9
2024-05-13,アオゾラ電機,1755.6
2024-05-14,アオゾラ電機,1719.5
2024-05-15,アオゾラ電機,1730.0
2024-05-16,アオゾラ電機,1749.6
2024-05-17,アオゾラ電機,1807.6
2024-05-20,アオゾラ電機,1721.7
2024-05-21,アオゾラ電機,1745.9
2024-05-22,アオゾラ電機,1757.0
2024-05-23,アオゾラ電機,1646.3
2024-05-24,アオゾラ電機,1619.6
2024-05-27,アオゾラ電機,1653.0
2024-05-28,アオゾラ電機,1669.1
2024-05-29,アオゾラ電機,1675.3
2024-05-30,アオゾラ電機,1672.9
2024-05-31,アオゾラ電機,1645.7
2024-06-03,アオゾラ電機,1629.5
2024-06-04,アオゾラ電機,1607.0
2024-06-05,アオゾラ電機,1595.6
2024-06-06,アオゾラ電機,1555.6
2024-06-07,アオゾラ電機,1541.6
2024-06-10,アオゾラ電機,1549.6
2024-06-11,アオゾラ電機,1538.4
2024-06-12,アオゾラ電機,1552.7
2024-06-13,アオゾラ電機,1557.4
2024-06-14,アオゾラ電機,1502.9
2024-06-17,アオゾラ電機,1505.8
2024-06-18,アオゾラ電機,1494.9
2024-06-19,アオゾラ電機,1497.8
2024-06-20,アオゾラ電機,1537.2
2024-06-21,アオゾラ電機,1591.1
2024-06-24,アオゾラ電機,1578.7
2024-06-25,アオゾラ電機,1600.9
2024-06-26,アオゾラ電機,1583.3
2024-06-27,アオゾラ電機,1615.8
2024-06-28,アオゾラ電機,1644.3
2024-07-01,アオゾラ電機,1651.2
2024-07-02,アオゾラ電機,1613.4
2024-07-03,アオゾラ電機,1609.9
2024-07-04,アオゾラ電機,1606.5
2024-07-05,アオゾラ電機,1578.8
2024-07-08,アオゾラ電機,1561.8
2024-07-09,アオゾラ電機,1569.0
2024-07-10,アオゾラ電機,1551.6
2024-07-11,アオゾラ電機,1489.6
2024-07-12,アオゾラ電機,1508.3
2024-07-15,アオゾラ電機,1548.9
2024-07-16,アオゾラ電機,1515.9
2024-07-17,アオゾラ電機,1484.0
2024-07-18,アオゾラ電機,1508.5
2024-07-19,アオゾラ電機,1510.6
2024-07-22,アオゾラ電機,1493.8
2024-07-23,アオゾラ電機,1519.2
2024-07-24,アオゾラ電機,1490.8
2024-07-25,アオゾラ電機,1529.3
2024-07-26,アオゾラ電機,1525.6
2024-07-29,アオゾラ電機,1565.8
2024-07-30,アオゾラ電機,1592.3
2024-07-31,アオゾラ電機,1599.3
2024-08-01,アオゾラ電機,1598.4
2024-08-02,アオゾラ電機,1598.7
2024-08-05,アオゾラ電機,1576.5
2024-08-06,アオゾラ電機,1566.9
2024-08-07,アオゾラ電機,1507.1
2024-08-08,アオゾラ電機,1478.0
2024-08-09,アオゾラ電機,1480.6
2024-08-12,アオゾラ電機,1446.1
2024-08-13,アオゾラ電機,1399.2
2024-08-14,アオゾラ電機,1394.8
2024-08-15,アオゾラ電機,1378.7
2024-08-16,アオゾラ電機,1404.5
2024-08-19,アオゾラ電機,1391.6
2024-08-20,アオゾラ電機,1354.0
2024-08-21,アオゾラ電機,1372.2
2024-08-22,アオゾラ電機,1367.6
2024-08-23,アオゾラ電機,1393.4
2024-08-26,アオゾラ電機,1447.1
2024-08-27,アオゾラ電機,1462.9
2024-08-28,アオゾラ電機,1497.4
2024-08-29,アオゾラ電機,1479.5
2024-08-30,アオゾラ電機,1466.0
2024-09-02,アオゾラ電機,1393.0
2024-09-03,アオゾラ電機,1354.0
2024-09-04,アオゾラ電機,1329.5
2024-09-05,アオゾラ電機,1304.8
2024-09-06,アオゾラ電機,1262.2
2024-09-09,アオゾラ電機,1305.4
2024-09-10,アオゾラ電機,1355.7
2024-09-11,アオゾラ電機,1401.0
2024-09-12,アオゾラ電機,1431.5
2024-09-13,アオゾラ電機,1421.9
2024-09-16,アオゾラ電機,1367.2
2024-09-17,アオゾラ電機,1386.3
2024-09-18,アオゾラ電機,1395.6
2024-09-19,アオゾラ電機,1387.2
2024-09-20,アオゾラ電機,1357.4
2024-09-23,アオゾラ電機,1435.1
2024-09-24,アオゾラ電機,1476.4
2024-09-25,アオゾラ電機,1435.1
2024-09-26,アオゾラ電機,1456.9
2024-09-27,アオゾラ電機,1473.6
2024-09-30,アオゾラ電機,1447.7
2024-10-01,アオゾラ電機,1440.0
2024-10-02,アオゾラ電機,1436.7
2024-10-03,アオゾラ電機,1383.9
2024-10-04,アオゾラ電機,1357.0
2024-10-07,アオゾラ電機,1336.6
2024-10-08,アオゾラ電機,1352.4
2024-10-09,アオゾラ電機,1389.1
2024-10-10,アオゾラ電機,1377.9
2024-10-11,アオゾラ電機,1378.8
2024-10-14,アオゾラ電機,1389.6
2024-10-15,アオゾラ電機,1437.4
2024-10-16,アオゾラ電機,1437.1
2024-10-17,アオゾラ電機,1445.2
2024-10-18,アオゾラ電機,1451.2
2024-10-21,アオゾラ電機,1488.3
2024-10-22,アオゾラ電機,1517.8
2024-10-23,アオゾラ電機,1465.5
2024-10-24,アオゾラ電機,1459.3
2024-10-25,アオゾラ電機,1486.2
2024-10-28,アオゾラ電機,1432.5
2024-10-29,アオゾラ電機,1489.6
2024-10-30,アオゾラ電機,1506.1
2024-10-31,アオゾラ電機,1521.3
2024-11-01,アオゾラ電機,1566.8
2024-11-04,アオゾラ電機,1572.5
2024-11-05,アオゾラ電機,1632.8
2024-11-06,アオゾラ電機,1589.2
2024-11-07,アオゾラ電機,1582.2
2024-11-08,アオゾラ電機,1611.3
2024-11-11,アオゾラ電機,1646.3
2024-11-12,アオゾラ電機,1715.3
2024-11-13,アオゾラ電機,1746.1
2024-11-14,アオゾラ電機,1763.3
2024-11-15,アオゾラ電機,1752.3
2024-11-18,アオゾラ電機,1791.7
2024-11-19,アオゾラ電機,1798.3
2024-11-20,アオゾラ電機,1793.2
2024-11-21,アオゾラ電機,1780.6
2024-11-22,アオゾラ電機,1746.8
2024-11-25,アオゾラ電機,1763.3
2024-11-26,アオゾラ電機,1741.3
2024-11-27,アオゾラ電機,1764.8
2024-11-28,アオゾラ電機,1765.1
2024-11-29,アオゾラ電機,1731.9
2023-01-02,ソラリス製薬,3207.3
2023-01-03,ソラリス製薬,3183.1
2023-01-04,ソラリス製薬,3156.7
2023-01-05,ソラリス製薬,3209.0
2023-01-06,ソラリス製薬,3216.0
2023-01-09,ソラリス製薬,3182.1
2023-01-10,ソラリス製薬,3170.6
2023-01-11,ソラリス製薬,3195.7
2023-01-12,ソラリス製薬,3288.3
2023-01-13,ソラリス製薬,3219.2
2023-01-16,ソラリス製薬,3314.6
2023-01-17,ソラリス製薬,3270.7
2023-01-18,ソラリス製薬,3242.2
2023-01-19,ソラリス製薬,3196.7
2023-01-20,ソラリス製薬,3175.5
2023-01-23,ソラリス製薬,3122.5
2023-01-24,ソラリス製薬,3192.3
2023-01-25,ソラリス製薬,3173.2
2023-01-26,ソラリス製薬,3198.8
2023-01-27,ソラリス製薬,3227.4
2023-01-30,ソラリス製薬,3324.7
2023-01-31,ソラリス製薬,3350.4
2023-02-01,ソラリス製薬,3348.1
2023-02-02,ソラリス製薬,3291.2
2023-02-03,ソラリス製薬,3323.2
2023-02-06,ソラリス製薬,3329.9
2023-02-07,ソラリス製薬,3353.5
2023-02-08,ソラリス製薬,3306.7
2023-02-09,ソラリス製薬,3361.3
2023-02-10,ソラリス製薬,3331.8
2023-02-13,ソラリス製薬,3308.6
2023-02-14,ソラリス製薬,3265.6
2023-02-15,ソラリス製薬,3279.7
2023-02-16,ソラリス製薬,3309.1
2023-02-17,ソラリス製薬,3348.6
2023-02-20,ソラリス製薬,3336.5
2023-02-21,ソラリス製薬,3398.1
2023-02-22,ソラリス製薬,3351.8
2023-02-23,ソラリス製薬,3322.7
2023-02-24,ソラリス製薬,3311.2
2023-02-27,ソラリス製薬,3411.0
2023-02-28,ソラリス製薬,3400.3
2023-03-01,ソラリス製薬,3393.5
2023-03-02,ソラリス製薬,3405.5
2023-03-03,ソラリス製薬,3366.3
2023-03-06,ソラリス製薬,3333.4
2023-03-07,ソラリス製薬,3367.8
2023-03-08,ソラリス製薬,3279.7
2023-03-09,ソラリス製薬,3375.4
2023-03-10,ソラリス製薬,3342.6
2023-03-13,ソラリス製薬,3354.7
2023-03-14,ソラリス製薬,3408.9
2023-03-15,ソラリス製薬,3474.5
2023-03-16,ソラリス製薬,3448.5
2023-03-17,ソラリス製薬,3366.3
2023-03-20,ソラリス製薬,3305.1
2023-03-21,ソラリス製薬,3254.0
2023-03-22,ソラリス製薬,3345.1
2023-03-23,ソラリス製薬,3337.7
2023-03-24,ソラリス製薬,3363.6
2023-03-27,ソラリス製薬,3423.0
2023-03-28,ソラリス製薬,3404.9
2023-03-29,ソラリス製薬,3405.9
2023-03-30,ソラリス製薬,3511.1
2023-03-31,ソラリス製薬,3585.6
2023-04-03,ソラリス製薬,3481.7
2023-04-04,ソラリス製薬,3486.8
2023-04-05,ソラリス製薬,3429.3
2023-04-06,ソラリス製薬,3461.8
2023-04-07,ソラリス製薬,3464.8
2023-04-10,ソラリス製薬,3505.0
2023-04-11,ソラリス製薬,3502.7
2023-04-12,ソラリス製薬,3515.6
2023-04-13,ソラリス製薬,3499.7
2023-04-14,ソラリス製薬,3526.0
2023-04-17,ソラリス製薬,3479.6
2023-04-18,ソラリス製薬,3421.0
2023-04-19,ソラリス製薬,3451.1
2023-04-20,ソラリス製薬,3448.2
2023-04-21,ソラリス製薬,3408.5
2023-04-24,ソラリス製薬,3439.2
2023-04-25,ソラリス製薬,3410.7
2023-04-26,ソラリス製薬,3373.3
2023-04-27,ソラリス製薬,3334.0
2023-04-28,ソラリス製薬,3359.5
2023-05-01,ソラリス製薬,3361.1
2023-05-02,ソラリス製薬,3315.6
2023-05-03,ソラリス製薬,3276.8
2023-05-04,ソラリス製薬,3210.4
2023-05-05,ソラリス製薬,3170.2
2023-05-08,ソラリス製薬,3172.2
2023-05-09,ソラリス製薬,3124.7
2023-05-10,ソラリス製薬,3062.2
2023-05-11,ソラリス製薬,3082.3
2023-05-12,ソラリス製薬,3103.4
2023-05-15,ソラリス製薬,2963.6
2023-05-16,ソラリス製薬,2939.3
2023-05-17,ソラリス製薬,2997.2
2023-05-18,ソラリス製薬,2972.5
2023-05-19,ソラリス製薬,3002.0
2023-05-22,ソラリス製薬,2967.0
2023-05-23,ソラリス製薬,3021.0
2023-05-24,ソラリス製薬,3037.3
2023-05-25,ソラリス製薬,3048.9
2023-05-26,ソラリス製薬,3065.6
2023-05-29,ソラリス製薬,3073.1
2023-05-30,ソラリス製薬,3059.3
2023-05-31,ソラリス製薬,3002.1
2023-06-01,ソラリス製薬,3015.5
2023-06-02,ソラリス製薬,2967.6
2023-06-05,ソラリス製薬,3017.1
2023-06-06,ソラリス製薬,3007.5
2023-06-07,ソラリス製薬,2993.3
2023-06-08,ソラリス製薬,3041.2
2023-06-09,ソラリス製薬,3022.8
2023-06-12,ソラリス製薬,3009.5
2023-06-13,ソラリス製薬,2998.2
2023-06-14,ソラリス製薬,2968.8
2023-06-15,ソラリス製薬,3065.0
2023-06-16,ソラリス製薬,3069.6
2023-06-19,ソラリス製薬,3030.7
2023-06-20,ソラリス製薬,2935.2
2023-06-21,ソラリス製薬,2913.4
2023-06-22,ソラリス製薬,2917.9
2023-06-23,ソラリス製薬,2926.0
2023-06-26,ソラリス製薬,2885.4
2023-06-27,ソラリス製薬,2818.3
2023-06-28,ソラリス製薬,2828.2
2023-06-29,ソラリス製薬,2874.6
2023-06-30,ソラリス製薬,2894.3
2023-07-03,ソラリス製薬,2897.5
2023-07-04,ソラリス製薬,2929.2
2023-07-05,ソラリス製薬,2927.3
2023-07-06,ソラリス製薬,2907.6
2023-07-07,ソラリス製薬,2934.1
2023-07-10,ソラリス製薬,2875.9
2023-07-11,ソラリス製薬,2789.4
2023-07-12,ソラリス製薬,2778.1
2023-07-13,ソラリス製薬,2801.0
2023-07-14,ソラリス製薬,2834.4
2023-07-17,ソラリス製薬,2838.6
2023-07-18,ソラリス製薬,2824.8
2023-07-19,ソラリス製薬,2750.9
2023-07-20,ソラリス製薬,2801.3
2023-07-21,ソラリス製薬,2822.4
2023-07-24,ソラリス製薬,2799.2
2023-07-25,ソラリス製薬,2852.4
2023-07-26,ソラリス製薬,2836.7
2023-07-27,ソラリス製薬,2948.5
2023-07-28,ソラリス製薬,2867.0
2023-07-31,ソラリス製薬,2874.4
2023-08-01,ソラリス製薬,2891.0
2023-08-02,ソラリス製薬,2864.2
2023-08-03,ソラリス製薬,2836.5
2023-08-04,ソラリス製薬,2823.6
2023-08-07,ソラリス製薬,2792.6
2023-08-08,ソラリス製薬,2772.0
2023-08-09,ソラリス製薬,2733.0
2023-08-10,ソラリス製薬,2721.6
2023-08-11,ソラリス製薬,2671.2
2023-08-14,ソラリス製薬,2700.1
2023-08-15,ソラリス製薬,2681.4
2023-08-16,ソラリス製薬,2657.9
2023-08-17,ソラリス製薬,2629.2
2023-08-18,ソラリス製薬,2700.1
2023-08-21,ソラリス製薬,2683.7
2023-08-22,ソラリス製薬,2718.2
2023-08-23,ソラリス製薬,2760.6
2023-08-24,ソラリス製薬,2746.9
2023-08-25,ソラリス製薬,2809.2
2023-08-28,ソラリス製薬,2821.9
2023-08-29,ソラリス製薬,2749.5
2023-08-30,ソラリス製薬,2804.9
2023-08-31,ソラリス製薬,2773.5
2023-09-01,ソラリス製薬,2711.7
2023-09-04,ソラリス製薬,2676.6
2023-09-05,ソラリス製薬,2648.1
2023-09-06,ソラリス製薬,2607.6
2023-09-07,ソラリス製薬,2582.6
2023-09-08,ソラリス製薬,2659.4
2023-09-11,ソラリス製薬,2642.0
2023-09-12,ソラリス製薬,2757.3
2023-09-13,ソラリス製薬,2743.0
2023-09-14,ソラリス製薬,2708.6
2023-09-15,ソラリス製薬,2676.7
2023-09-18,ソラリス製薬,2692.0
2023-09-19,ソラリス製薬,2746.6
2023-09-20,ソラリス製薬,2769.2
2023-09-21,ソラリス製薬,2722.8
2023-09-22,ソラリス製薬,2730.6
2023-09-25,ソラリス製薬,2746.3
2023-09-26,ソラリス製薬,2778.1
2023-09-27,ソラリス製薬,2744.4
2023-09-28,ソラリス製薬,2787.3
2023-09-29,ソラリス製薬,2779.2
2023-10-02,ソラリス製薬,2815.1
2023-10-03,ソラリス製薬,2816.7
2023-10-04,ソラリス製薬,2837.0
2023-10-05,ソラリス製薬,2889.1
2023-10-06,ソラリス製薬,2830.7
2023-10-09,ソラリス製薬,2798.2
2023-10-10,ソラリス製薬,2773.9
2023-10-11,ソラリス製薬,2788.9
2023-10-12,ソラリス製薬,2769.5
2023-10-13,ソラリス製薬,2768.2
2023-10-16,ソラリス製薬,2724.9
2023-10-17,ソラリス製薬,2714.2
2023-10-18,ソラリス製薬,2726.1
2023-10-19,ソラリス製薬,2747.8
2023-10-20,ソラリス製薬,2695.6
2023-10-23,ソラリス製薬,2733.6
2023-10-24,ソラリス製薬,2706.2
2023-10-25,ソラリス製薬,2767.2
2023-10-26,ソラリス製薬,2735.7
2023-10-27,ソラリス製薬,2760.6
2023-10-30,ソラリス製薬,2825.7
2023-10-31,ソラリス製薬,2834.7
2023-11-01,ソラリス製薬,2880.7
2023-11-02,ソラリス製薬,2821.2
2023-11-03,ソラリス製薬,2941.7
2023-11-06,ソラリス製薬,2996.9
2023-11-07,ソラリス製薬,2962.5
2023-11-08,ソラリス製薬,3010.1
2023-11-09,ソラリス製薬,2934.9
2023-11-10,ソラリス製薬,2942.1
2023-11-13,ソラリス製薬,3023.5
2023-11-14,ソラリス製薬,2900.8
2023-11-15,ソラリス製薬,2850.2
2023-11-16,ソラリス製薬,2843.9
2023-11-17,ソラリス製薬,2894.5
2023-11-20,ソラリス製薬,2922.0
2023-11-21,ソラリス製薬,2904.8
2023-11-22,ソラリス製薬,2879.0
2023-11-23,ソラリス製薬,2866.1
2023-11-24,ソラリス製薬,2869.1
2023-11-27,ソラリス製薬,2901.5
2023-11-28,ソラリス製薬,2913.1
2023-11-29,ソラリス製薬,2958.7
2023-11-30,ソラリス製薬,3002.2
2023-12-01,ソラリス製薬,3026.7
2023-12-04,ソラリス製薬,3013.4
2023-12-05,ソラリス製薬,2967.6
2023-12-06,ソラリス製薬,3011.2
2023-12-07,ソラリス製薬,2961.2
2023-12-08,ソラリス製薬,2966.8
2023-12-11,ソラリス製薬,2995.1
2023-12-12,ソラリス製薬,2962.4
2023-12-13,ソラリス製薬,2981.1
2023-12-14,ソラリス製薬,2933.6
2023-12-15,ソラリス製薬,2926.7
2023-12-18,ソラリス製薬,2948.4
2023-12-19,ソラリス製薬,2960.9
2023-12-20,ソラリス製薬,2928.9
2023-12-21,ソラリス製薬,2966.9
2023-12-22,ソラリス製薬,3039.3
2023-12-25,ソラリス製薬,2971.7
2023-12-26,ソラリス製薬,2935.7
2023-12-27,ソラリス製薬,3024.7
2023-12-28,ソラリス製薬,3128.5
2023-12-29,ソラリス製薬,3152.9
2024-01-01,ソラリス製薬,3198.0
2024-01-02,ソラリス製薬,3333.6
2024-01-03,ソラリス製薬,3316.5
2024-01-04,ソラリス製薬,3350.3
2024-01-05,ソラリス製薬,3286.4
2024-01-08,ソラリス製薬,3226.4
2024-01-09,ソラリス製薬,3223.0
2024-01-10,ソラリス製薬,3140.3
2024-01-11,ソラリス製薬,3107.9
2024-01-12,ソラリス製薬,3111.4
2024-01-15,ソラリス製薬,3039.5
2024-01-16,ソラリス製薬,3057.7
2024-01-17,ソラリス製薬,3116.3
2024-01-18,ソラリス製薬,3155.1
2024-01-19,ソラリス製薬,3151.6
2024-01-22,ソラリス製薬,3193.5
2024-01-23,ソラリス製薬,3165.4
2024-01-24,ソラリス製薬,3163.2
2024-01-25,ソラリス製薬,3181.8
2024-01-26,ソラリス製薬,3261.4
2024-01-29,ソラリス製薬,3354.9
2024-01-30,ソラリス製薬,3407.7
2024-01-31,ソラリス製薬,3358.5
2024-02-01,ソラリス製薬,3417.2
2024-02-02,ソラリス製薬,3460.0
2024-02-05,ソラリス製薬,3403.2
2024-02-06,ソラリス製薬,3481.9
2024-02-07,ソラリス製薬,3464.5
2024-02-08,ソラリス製薬,3460.2
2024-02-09,ソラリス製薬,3384.7
2024-02-12,ソラリス製薬,3416.2
2024-02-13,ソラリス製薬,3471.9
2024-02-14,ソラリス製薬,3469.3
2024-02-15,ソラリス製薬,3531.0
2024-02-16,ソラリス製薬,3575.4
2024-02-19,ソラリス製薬,3571.4
2024-02-20,ソラリス製薬,3573.5
2024-02-21,ソラリス製薬,3535.3
2024-02-22,ソラリス製薬,3580.2
2024-02-23,ソラリス製薬,3499.6
2024-02-26,ソラリス製薬,3468.2
2024-02-27,ソラリス製薬,3399.5
2024-02-28,ソラリス製薬,3298.1
2024-02-29,ソラリス製薬,3287.7
2024-03-01,ソラリス製薬,3354.8
2024-03-04,ソラリス製薬,3421.2
2024-03-05,ソラリス製薬,3456.6
2024-03-06,ソラリス製薬,3440.5
2024-03-07,ソラリス製薬,3387.5
2024-03-08,ソラリス製薬,3463.7
2024-03-11,ソラリス製薬,3511.9
2024-03-12,ソラリス製薬,3539.9
2024-03-13,ソラリス製薬,3642.1
2024-03-14,ソラリス製薬,3618.5
2024-03-15,ソラリス製薬,3661.9
2024-03-18,ソラリス製薬,3668.5
2024-03-19,ソラリス製薬,3685.2
2024-03-20,ソラリス製薬,3773.3
2024-03-21,ソラリス製薬,3785.4
2024-03-22,ソラリス製薬,3773.8
2024-03-25,ソラリス製薬,3736.3
2024-03-26,ソラリス製薬,3686.3
2024-03-27,ソラリス製薬,3683.2
2024-03-28,ソラリス製薬,3784.8
2024-03-29,ソラリス製薬,3907.9
2024-04-01,ソラリス製薬,3865.1
2024-04-02,ソラリス製薬,3832.7
2024-04-03,ソラリス製薬,3910.6
2024-04-04,ソラリス製薬,3921.3
2024-04-05,ソラリス製薬,3920.4
2024-04-08,ソラリス製薬,3923.7
2024-04-09,ソラリス製薬,3871.2
2024-04-10,ソラリス製薬,3808.7
2024-04-11,ソラリス製薬,3772.6
2024-04-12,ソラリス製薬,3890.6
2024-04-15,ソラリス製薬,3866.7
2024-04-16,ソラリス製薬,3853.5
2024-04-17,ソラリス製薬,3889.6
2024-04-18,ソラリス製薬,3870.6
2024-04-19,ソラリス製薬,3959.4
2024-04-22,ソラリス製薬,3896.1
2024-04-23,ソラリス製薬,3932.2
2024-04-24,ソラリス製薬,4091.2
2024-04-25,ソラリス製薬,4041.7
2024-04-26,ソラリス製薬,4028.6
2024-04-29,ソラリス製薬,4084.8
2024-04-30,ソラリス製薬,4115.2
2024-05-01,ソラリス製薬,4039.4
2024-05-02,ソラリス製薬,3953.3
2024-05-03,ソラリス製薬,3922.1
2024-05-06,ソラリス製薬,3915.9
2024-05-07,ソラリス製薬,3943.0
2024-05-08,ソラリス製薬,3875.5
2024-05-09,ソラリス製薬,3865.4
2024-05-10,ソラリス製薬,3849.3
2024-05-13,ソラリス製薬,3863.6
2024-05-14,ソラリス製薬,3853.7
2024-05-15,ソラリス製薬,3836.0
2024-05-16,ソラリス製薬,3860.4
2024-05-17,ソラリス製薬,3850.1
2024-05-20,ソラリス製薬,3775.2
2024-05-21,ソラリス製薬,3881.8
2024-05-22,ソラリス製薬,3925.7
2024-05-23,ソラリス製薬,3859.7
2024-05-24,ソラリス製薬,3796.0
2024-05-27,ソラリス製薬,3732.9
2024-05-28,ソラリス製薬,3738.6
2024-05-29,ソラリス製薬,3740.6
2024-05-30,ソラリス製薬,3747.9
2024-05-31,ソラリス製薬,3738.6
2024-06-03,ソラリス製薬,3713.4
2024-06-04,ソラリス製薬,3680.2
2024-06-05,ソラリス製薬,3703.5
2024-06-06,ソラリス製薬,3664.7
2024-06-07,ソラリス製薬,3615.9
2024-06-10,ソラリス製薬,3702.2
2024-06-11,ソラリス製薬,3691.9
2024-06-12,ソラリス製薬,3662.4
2024-06-13,ソラリス製薬,3665.0
2024-06-14,ソラリス製薬,3574.2
2024-06-17,ソラリス製薬,3552.7
2024-06-18,ソラリス製薬,3630.3
2024-06-19,ソラリス製薬,3619.9
2024-06-20,ソラリス製薬,3705.8
2024-06-21,ソラリス製薬,3735.7
2024-06-24,ソラリス製薬,3639.0
2024-06-25,ソラリス製薬,3654.0
2024-06-26,ソラリス製薬,3661.8
2024-06-27,ソラリス製薬,3703.7
2024-06-28,ソラリス製薬,3698.0
2024-07-01,ソラリス製薬,3682.1
2024-07-02,ソラリス製薬,3629.2
2024-07-03,ソラリス製薬,3659.6
2024-07-04,ソラリス製薬,3631.1
2024-07-05,ソラリス製薬,3622.5
2024-07-08,ソラリス製薬,3654.5
2024-07-09,ソラリス製薬,3787.2
2024-07-10,ソラリス製薬,3760.0
2024-07-11,ソラリス製薬,3736.1
2024-07-12,ソラリス製薬,3767.8
2024-07-15,ソラリス製薬,3839.1
2024-07-16,ソラリス製薬,3796.4
2024-07-17,ソラリス製薬,3841.1
2024-07-18,ソラリス製薬,3890.2
2024-07-19,ソラリス製薬,3923.5
2024-07-22,ソラリス製薬,3842.1
2024-07-23,ソラリス製薬,3864.6
2024-07-24,ソラリス製薬,3878.6
2024-07-25,ソラリス製薬,3929.6
2024-07-26,ソラリス製薬,4004.6
2024-07-29,ソラリス製薬,4114.1
2024-07-30,ソラリス製薬,4143.9
2024-07-31,ソラリス製薬,4072.6
2024-08-01,ソラリス製薬,4039.1
2024-08-02,ソラリス製薬,4074.4
2024-08-05,ソラリス製薬,4005.9
2024-08-06,ソラリス製薬,4026.3
2024-08-07,ソラリス製薬,3941.1
2024-08-08,ソラリス製薬,3940.2
2024-08-09,ソラリス製薬,3954.0
2024-08-12,ソラリス製薬,3954.7
2024-08-13,ソラリス製薬,3920.3
2024-08-14,ソラリス製薬,3973.8
2024-08-15,ソラリス製薬,4066.8
2024-08-16,ソラリス製薬,4180.2
2024-08-19,ソラリス製薬,4211.7
2024-08-20,ソラリス製薬,4261.7
2024-08-21,ソラリス製薬,4368.2
2024-08-22,ソラリス製薬,4381.0
2024-08-23,ソラリス製薬,4462.0
2024-08-26,ソラリス製薬,4522.4
2024-08-27,ソラリス製薬,4554.7
2024-08-28,ソラリス製薬,4541.4
2024-08-29,ソラリス製薬,4501.0
2024-08-30,ソラリス製薬,4452.8
2024-09-02,ソラリス製薬,4422.9
2024-09-03,ソラリス製薬,4293.9
2024-09-04,ソラリス製薬,4276.4
2024-09-05,ソラリス製薬,4348.3
2024-09-06,ソラリス製薬,4314.8
2024-09-09,ソラリス製薬,4368.4
2024-09-10,ソラリス製薬,4459.8
2024-09-11,ソラリス製薬,4570.6
2024-09-12,ソラリス製薬,4682.9
2024-09-13,ソラリス製薬,4740.2
2024-09-16,ソラリス製薬,4609.0
2024-09-17,ソラリス製薬,4649.5
2024-09-18,ソラリス製薬,4762.9
2024-09-19,ソラリス製薬,4775.8
2024-09-20,ソラリス製薬,4766.7
2024-09-23,ソラリス製薬,4846.9
2024-09-24,ソラリス製薬,4824.1
2024-09-25,ソラリス製薬,4721.7
2024-09-26,ソラリス製薬,4718.2
2024-09-27,ソラリス製薬,4726.6
2024-09-30,ソラリス製薬,4670.0
2024-10-01,ソラリス製薬,4538.9
2024-10-02,ソラリス製薬,4474.5
2024-10-03,ソラリス製薬,4482.6
2024-10-04,ソラリス製薬,4488.8
2024-10-07,ソラリス製薬,4492.8
2024-10-08,ソラリス製薬,4511.9
2024-10-09,ソラリス製薬,4550.5
2024-10-10,ソラリス製薬,4573.0
2024-10-11,ソラリス製薬,4541.8
2024-10-14,ソラリス製薬,4463.6
2024-10-15,ソラリス製薬,4518.4
2024-10-16,ソラリス製薬,4478.4
2024-10-17,ソラリス製薬,4432.0
2024-10-18,ソラリス製薬,4469.1
2024-10-21,ソラリス製薬,4588.0
2024-10-22,ソラリス製薬,4734.7
2024-10-23,ソラリス製薬,4818.0
2024-10-24,ソラリス製薬,4780.8
2024-10-25,ソラリス製薬,4803.7
2024-10-28,ソラリス製薬,4777.8
2024-10-29,ソラリス製薬,4889.2
2024-10-30,ソラリス製薬,4933.9
2024-10-31,ソラリス製薬,4969.6
2024-11-01,ソラリス製薬,4998.3
2024-11-04,ソラリス製薬,4980.8
2024-11-05,ソラリス製薬,5082.4
2024-11-06,ソラリス製薬,4904.9
2024-11-07,ソラリス製薬,5020.3
2024-11-08,ソラリス製薬,5087.0
2024-11-11,ソラリス製薬,5012.6
2024-11-12,ソラリス製薬,5140.5
2024-11-13,ソラリス製薬,5158.3
2024-11-14,ソラリス製薬,5330.4
2024-11-15,ソラリス製薬,5341.2
2024-11-18,ソラリス製薬,5395.2
2024-11-19,ソラリス製薬,5342.7
2024-11-20,ソラリス製薬,5317.6
2024-11-21,ソラリス製薬,5190.1
2024-11-22,ソラリス製薬,5230.6
2024-11-25,ソラリス製薬,5234.1
2024-11-26,ソラリス製薬,5211.2
2024-11-27,ソラリス製薬,5241.8
2024-11-28,ソラリス製薬,5297.5
2024-11-29,ソラリス製薬,5256.4
2023-01-02,ミドリ商事,820.6
2023-01-03,ミドリ商事,826.2
2023-01-04,ミドリ商事,846.2
2023-01-05,ミドリ商事,833.2
2023-01-06,ミドリ商事,829.1
2023-01-09,ミドリ商事,833.7
2023-01-10,ミドリ商事,825.3
2023-01-11,ミドリ商事,836.1
2023-01-12,ミドリ商事,880.7
2023-01-13,ミドリ商事,887.7
2023-01-16,ミドリ商事,919.2
2023-01-17,ミドリ商事,927.1
2023-01-18,ミドリ商事,919.2
2023-01-19,ミドリ商事,882.9
2023-01-20,ミドリ商事,882.5
2023-01-23,ミドリ商事,860.4
2023-01-24,ミドリ商事,831.9
2023-01-25,ミドリ商事,857.6
2023-01-26,ミドリ商事,873.0
2023-01-27,ミドリ商事,910.5
2023-01-30,ミドリ商事,960.3
2023-01-31,ミドリ商事,983.1
2023-02-01,ミドリ商事,1006.9
2023-02-02,ミドリ商事,1032.6
2023-02-03,ミドリ商事,1017.0
2023-02-06,ミドリ商事,1032.3
2023-02-07,ミドリ商事,1051.0
2023-02-08,ミドリ商事,1053.1
2023-02-09,ミドリ商事,1057.9
2023-02-10,ミドリ商事,1126.6
2023-02-13,ミドリ商事,1149.1
2023-02-14,ミドリ商事,1144.5
2023-02-15,ミドリ商事,1138.2
2023-02-16,ミドリ商事,1133.4
2023-02-17,ミドリ商事,1122.4
2023-02-20,ミドリ商事,1150.4
2023-02-21,ミドリ商事,1167.4
2023-02-22,ミドリ商事,1153.4
2023-02-23,ミドリ商事,1153.8
2023-02-24,ミドリ商事,1166.7
2023-02-27,ミドリ商事,1208.5
2023-02-28,ミドリ商事,1200.2
2023-03-01,ミドリ商事,1182.4
2023-03-02,ミドリ商事,1240.3
2023-03-03,ミドリ商事,1231.4
2023-03-06,ミドリ商事,1198.2
2023-03-07,ミドリ商事,1260.7
2023-03-08,ミドリ商事,1199.8
2023-03-09,ミドリ商事,1257.1
2023-03-10,ミドリ商事,1220.4
2023-03-13,ミドリ商事,1220.5
2023-03-14,ミドリ商事,1284.0
2023-03-15,ミドリ商事,1318.0
2023-03-16,ミドリ商事,1310.8
2023-03-17,ミドリ商事,1250.0
2023-03-20,ミドリ商事,1285.1
2023-03-21,ミドリ商事,1280.6
2023-03-22,ミドリ商事,1265.7
2023-03-23,ミドリ商事,1213.0
2023-03-24,ミドリ商事,1154.5
2023-03-27,ミドリ商事,1146.4
2023-03-28,ミドリ商事,1149.2
2023-03-29,ミドリ商事,1151.7
2023-03-30,ミドリ商事,1141.5
2023-03-31,ミドリ商事,1121.3
2023-04-03,ミドリ商事,1084.3
2023-04-04,ミドリ商事,1059.0
2023-04-05,ミドリ商事,1041.8
2023-04-06,ミドリ商事,1064.8
2023-04-07,ミドリ商事,1037.7
2023-04-10,ミドリ商事,1133.1
2023-04-11,ミドリ商事,1104.6
2023-04-12,ミドリ商事,1153.5
2023-04-13,ミドリ商事,1185.7
2023-04-14,ミドリ商事,1207.8
2023-04-17,ミドリ商事,1190.9
2023-04-18,ミドリ商事,1183.9
2023-04-19,ミドリ商事,1175.5
2023-04-20,ミドリ商事,1117.6
2023-04-21,ミドリ商事,1123.6
2023-04-24,ミドリ商事,1104.6
2023-04-25,ミドリ商事,1109.6
2023-04-26,ミドリ商事,1098.2
2023-04-27,ミドリ商事,1091.1
2023-04-28,ミドリ商事,1099.4
2023-05-01,ミドリ商事,1129.0
2023-05-02,ミドリ商事,1065.1
2023-05-03,ミドリ商事,1047.9
2023-05-04,ミドリ商事,1057.1
2023-05-05,ミドリ商事,1046.9
2023-05-08,ミドリ商事,1021.2
2023-05-09,ミドリ商事,1035.5
2023-05-10,ミドリ商事,960.2
2023-05-11,ミドリ商事,939.9
2023-05-12,ミドリ商事,905.3
2023-05-15,ミドリ商事,891.3
2023-05-16,ミドリ商事,912.9
2023-05-17,ミドリ商事,915.3
2023-05-18,ミドリ商事,910.9
2023-05-19,ミドリ商事,850.9
2023-05-22,ミドリ商事,829.2
2023-05-23,ミドリ商事,850.7
2023-05-24,ミドリ商事,848.1
2023-05-25,ミドリ商事,882.4
2023-05-26,ミドリ商事,906.0
2023-05-29,ミドリ商事,872.7
2023-05-30,ミドリ商事,920.9
2023-05-31,ミドリ商事,896.1
2023-06-01,ミドリ商事,870.9
2023-06-02,ミドリ商事,884.5
2023-06-05,ミドリ商事,920.4
2023-06-06,ミドリ商事,919.5
2023-06-07,ミドリ商事,908.5
2023-06-08,ミドリ商事,885.3
2023-06-09,ミドリ商事,862.0
2023-06-12,ミドリ商事,850.4
2023-06-13,ミドリ商事,812.0
2023-06-14,ミドリ商事,777.1
2023-06-15,ミドリ商事,770.5
2023-06-16,ミドリ商事,745.5
2023-06-19,ミドリ商事,721.9
2023-06-20,ミドリ商事,706.6
2023-06-21,ミドリ商事,719.3
2023-06-22,ミドリ商事,704.4
2023-06-23,ミドリ商事,721.9
2023-06-26,ミドリ商事,724.1
2023-06-27,ミドリ商事,733.3
2023-06-28,ミドリ商事,727.6
2023-06-29,ミドリ商事,738.0
2023-06-30,ミドリ商事,729.3
2023-07-03,ミドリ商事,736.1
2023-07-04,ミドリ商事,750.5
2023-07-05,ミドリ商事,773.5
2023-07-06,ミドリ商事,796.0
2023-07-07,ミドリ商事,767.2
2023-07-10,ミドリ商事,759.0
2023-07-11,ミドリ商事,764.1
2023-07-12,ミドリ商事,783.0
2023-07-13,ミドリ商事,803.4
2023-07-14,ミドリ商事,829.4
2023-07-17,ミドリ商事,823.2
2023-07-18,ミドリ商事,810.1
2023-07-19,ミドリ商事,774.4
2023-07-20,ミドリ商事,812.8
2023-07-21,ミドリ商事,822.4
2023-07-24,ミドリ商事,819.5
2023-07-25,ミドリ商事,814.6
2023-07-26,ミドリ商事,846.4
2023-07-27,ミドリ商事,864.2
2023-07-28,ミドリ商事,810.6
2023-07-31,ミドリ商事,811.1
2023-08-01,ミドリ商事,787.6
2023-08-02,ミドリ商事,813.7
2023-08-03,ミドリ商事,799.5
2023-08-04,ミドリ商事,760.6
2023-08-07,ミドリ商事,779.6
2023-08-08,ミドリ商事,792.4
2023-08-09,ミドリ商事,779.3
2023-08-10,ミドリ商事,781.8
2023-08-11,ミドリ商事,766.4
2023-08-14,ミドリ商事,783.7
2023-08-15,ミドリ商事,781.5
2023-08-16,ミドリ商事,744.2
2023-08-17,ミドリ商事,755.9
2023-08-18,ミドリ商事,729.1
2023-08-21,ミドリ商事,708.9
2023-08-22,ミドリ商事,704.2
2023-08-23,ミドリ商事,739.5
2023-08-24,ミドリ商事,738.7
2023-08-25,ミドリ商事,766.6
2023-08-28,ミドリ商事,800.1
2023-08-29,ミドリ商事,774.4
2023-08-30,ミドリ商事,776.2
2023-08-31,ミドリ商事,765.5
2023-09-01,ミドリ商事,752.1
2023-09-04,ミドリ商事,753.2
2023-09-05,ミドリ商事,780.4
2023-09-06,ミドリ商事,814.2
2023-09-07,ミドリ商事,785.5
2023-09-08,ミドリ商事,774.2
2023-09-11,ミドリ商事,795.9
2023-09-12,ミドリ商事,806.8
2023-09-13,ミドリ商事,813.8
2023-09-14,ミドリ商事,815.6
2023-09-15,ミドリ商事,805.3
2023-09-18,ミドリ商事,820.8
2023-09-19,ミドリ商事,836.0
2023-09-20,ミドリ商事,804.1
2023-09-21,ミドリ商事,801.7
2023-09-22,ミドリ商事,798.5
2023-09-25,ミドリ商事,810.4
2023-09-26,ミドリ商事,861.9
2023-09-27,ミドリ商事,848.7
2023-09-28,ミドリ商事,851.8
2023-09-29,ミドリ商事,840.8
2023-10-02,ミドリ商事,858.3
2023-10-03,ミドリ商事,841.1
2023-10-04,ミドリ商事,829.4
2023-10-05,ミドリ商事,854.7
2023-10-06,ミドリ商事,841.0
2023-10-09,ミドリ商事,859.6
2023-10-10,ミドリ商事,905.9
2023-10-11,ミドリ商事,911.6
2023-10-12,ミドリ商事,915.1
2023-10-13,ミドリ商事,944.2
2023-10-16,ミドリ商事,953.0
2023-10-17,ミドリ商事,959.9
2023-10-18,ミドリ商事,974.4
2023-10-19,ミドリ商事,1023.3
2023-10-20,ミドリ商事,983.2
2023-10-23,ミドリ商事,986.6
2023-10-24,ミドリ商事,942.8
2023-10-25,ミドリ商事,950.1
2023-10-26,ミドリ商事,960.0
2023-10-27,ミドリ商事,993.6
2023-10-30,ミドリ商事,1024.7
2023-10-31,ミドリ商事,988.4
2023-11-01,ミドリ商事,1011.4
2023-11-02,ミドリ商事,1009.8
2023-11-03,ミドリ商事,1028.3
2023-11-06,ミドリ商事,1075.1
2023-11-07,ミドリ商事,1108.3
2023-11-08,ミドリ商事,1102.1
2023-11-09,ミドリ商事,1111.9
2023-11-10,ミドリ商事,1115.0
2023-11-13,ミドリ商事,1154.3
2023-11-14,ミドリ商事,1163.7
2023-11-15,ミドリ商事,1148.3
2023-11-16,ミドリ商事,1131.9
2023-11-17,ミドリ商事,1185.4
2023-11-20,ミドリ商事,1234.7
2023-11-21,ミドリ商事,1224.9
2023-11-22,ミドリ商事,1212.7
2023-11-23,ミドリ商事,1221.4
2023-11-24,ミドリ商事,1254.9
2023-11-27,ミドリ商事,1222.8
2023-11-28,ミドリ商事,1196.4
2023-11-29,ミドリ商事,1200.4
2023-11-30,ミドリ商事,1181.8
2023-12-01,ミドリ商事,1148.0
2023-12-04,ミドリ商事,1110.7
2023-12-05,ミドリ商事,1127.0
2023-12-06,ミドリ商事,1187.6
2023-12-07,ミドリ商事,1184.7
2023-12-08,ミドリ商事,1169.1
2023-12-11,ミドリ商事,1180.3
2023-12-12,ミドリ商事,1117.9
2023-12-13,ミドリ商事,1101.4
2023-12-14,ミドリ商事,1066.5
2023-12-15,ミドリ商事,1095.6
2023-12-18,ミドリ商事,1105.8
2023-12-19,ミドリ商事,1087.6
2023-12-20,ミドリ商事,1079.8
2023-12-21,ミドリ商事,1095.4
2023-12-22,ミドリ商事,1129.7
2023-12-25,ミドリ商事,1147.2
2023-12-26,ミドリ商事,1108.2
2023-12-27,ミドリ商事,1191.2
2023-12-28,ミドリ商事,1202.7
2023-12-29,ミドリ商事,1252.6
2024-01-01,ミドリ商事,1220.6
2024-01-02,ミドリ商事,1216.1
2024-01-03,ミドリ商事,1213.5
2024-01-04,ミドリ商事,1266.2
2024-01-05,ミドリ商事,1249.0
2024-01-08,ミドリ商事,1221.4
2024-01-09,ミドリ商事,1202.6
2024-01-10,ミドリ商事,1174.4
2024-01-11,ミドリ商事,1186.7
2024-01-12,ミドリ商事,1180.4
2024-01-15,ミドリ商事,1191.2
2024-01-16,ミドリ商事,1165.6
2024-01-17,ミドリ商事,1111.2
2024-01-18,ミドリ商事,1124.1
2024-01-19,ミドリ商事,1095.8
2024-01-22,ミドリ商事,1145.6
2024-01-23,ミドリ商事,1124.5
2024-01-24,ミドリ商事,1104.7
2024-01-25,ミドリ商事,1126.4
2024-01-26,ミドリ商事,1154.6
2024-01-29,ミドリ商事,1184.5
2024-01-30,ミドリ商事,1151.1
2024-01-31,ミドリ商事,1131.3
2024-02-01,ミドリ商事,1131.6
2024-02-02,ミドリ商事,1117.2
2024-02-05,ミドリ商事,1093.6
2024-02-06,ミドリ商事,1128.2
2024-02-07,ミドリ商事,1153.9
2024-02-08,ミドリ商事,1128.4
2024-02-09,ミドリ商事,1104.4
2024-02-12,ミドリ商事,1169.6
2024-02-13,ミドリ商事,1174.5
2024-02-14,ミドリ商事,1151.5
2024-02-15,ミドリ商事,1188.0
2024-02-16,ミドリ商事,1177.2
2024-02-19,ミドリ商事,1165.1
2024-02-20,ミドリ商事,1148.2
2024-02-21,ミドリ商事,1134.4
2024-02-22,ミドリ商事,1154.1
2024-02-23,ミドリ商事,1134.5
2024-02-26,ミドリ商事,1105.3
2024-02-27,ミドリ商事,1063.6
2024-02-28,ミドリ商事,1045.8
2024-02-29,ミドリ商事,1040.0
2024-03-01,ミドリ商事,1053.5
2024-03-04,ミドリ商事,1027.7
2024-03-05,ミドリ商事,1007.1
2024-03-06,ミドリ商事,1027.1
2024-03-07,ミドリ商事,970.2
2024-03-08,ミドリ商事,947.0
2024-03-11,ミドリ商事,979.1
2024-03-12,ミドリ商事,1003.4
2024-03-13,ミドリ商事,1012.2
2024-03-14,ミドリ商事,995.5
2024-03-15,ミドリ商事,943.7
2024-03-18,ミドリ商事,950.6
2024-03-19,ミドリ商事,961.5
2024-03-20,ミドリ商事,1003.5
2024-03-21,ミドリ商事,1038.5
2024-03-22,ミドリ商事,1027.6
2024-03-25,ミドリ商事,1044.0
2024-03-26,ミドリ商事,998.4
2024-03-27,ミドリ商事,1018.2
2024-03-28,ミドリ商事,1067.2
2024-03-29,ミドリ商事,1093.6
2024-04-01,ミドリ商事,1073.4
2024-04-02,ミドリ商事,1074.2
2024-04-03,ミドリ商事,1068.0
2024-04-04,ミドリ商事,1078.3
2024-04-05,ミドリ商事,1089.8
2024-04-08,ミドリ商事,1080.4
2024-04-09,ミドリ商事,1079.5
2024-04-10,ミドリ商事,1000.9
2024-04-11,ミドリ商事,964.2
2024-04-12,ミドリ商事,983.9
2024-04-15,ミドリ商事,965.4
2024-04-16,ミドリ商事,998.2
2024-04-17,ミドリ商事,969.0
2024-04-18,ミドリ商事,976.5
2024-04-19,ミドリ商事,1007.7
2024-04-22,ミドリ商事,1047.9
2024-04-23,ミドリ商事,1053.0
2024-04-24,ミドリ商事,1072.1
2024-04-25,ミドリ商事,1077.0
2024-04-26,ミドリ商事,1098.7
2024-04-29,ミドリ商事,1129.3
2024-04-30,ミドリ商事,1169.4
2024-05-01,ミドリ商事,1181.8
2024-05-02,ミドリ商事,1146.3
2024-05-03,ミドリ商事,1155.5
2024-05-06,ミドリ商事,1180.3
2024-05-07,ミドリ商事,1235.1
2024-05-08,ミドリ商事,1295.7
2024-05-09,ミドリ商事,1330.9
2024-05-10,ミドリ商事,1367.3
2024-05-13,ミドリ商事,1377.6
2024-05-14,ミドリ商事,1400.8
2024-05-15,ミドリ商事,1388.9
2024-05-16,ミドリ商事,1422.1
2024-05-17,ミドリ商事,1469.9
2024-05-20,ミドリ商事,1471.3
2024-05-21,ミドリ商事,1424.5
2024-05-22,ミドリ商事,1460.1
2024-05-23,ミドリ商事,1406.8
2024-05-24,ミドリ商事,1402.3
2024-05-27,ミドリ商事,1411.6
2024-05-28,ミドリ商事,1434.6
2024-05-29,ミドリ商事,1441.4
2024-05-30,ミドリ商事,1466.3
2024-05-31,ミドリ商事,1453.5
2024-06-03,ミドリ商事,1411.5
2024-06-04,ミドリ商事,1367.9
2024-06-05,ミドリ商事,1343.9
2024-06-06,ミドリ商事,1340.9
2024-06-07,ミドリ商事,1302.5
2024-06-10,ミドリ商事,1336.1
2024-06-11,ミドリ商事,1316.0
2024-06-12,ミドリ商事,1330.4
2024-06-13,ミドリ商事,1336.9
2024-06-14,ミドリ商事,1286.9
2024-06-17,ミドリ商事,1289.2
2024-06-18,ミドリ商事,1319.4
2024-06-19,ミドリ商事,1328.1
2024-06-20,ミドリ商事,1325.7
2024-06-21,ミドリ商事,1364.1
2024-06-24,ミドリ商事,1343.6
2024-06-25,ミドリ商事,1376.1
2024-06-26,ミドリ商事,1363.2
2024-06-27,ミドリ商事,1397.0
2024-06-28,ミドリ商事,1361.8
2024-07-01,ミドリ商事,1358.0
2024-07-02,ミドリ商事,1359.0
2024-07-03,ミドリ商事,1400.9
2024-07-04,ミドリ商事,1438.2
2024-07-05,ミドリ商事,1367.1
2024-07-08,ミドリ商事,1378.2
2024-07-09,ミドリ商事,1360.1
2024-07-10,ミドリ商事,1354.1
2024-07-11,ミドリ商事,1294.9
2024-07-12,ミドリ商事,1341.9
2024-07-15,ミドリ商事,1379.1
2024-07-16,ミドリ商事,1335.5
2024-07-17,ミドリ商事,1358.4
2024-07-18,ミドリ商事,1419.5
2024-07-19,ミドリ商事,1403.9
2024-07-22,ミドリ商事,1372.7
2024-07-23,ミドリ商事,1373.0
2024-07-24,ミドリ商事,1366.0
2024-07-25,ミドリ商事,1421.3
2024-07-26,ミドリ商事,1416.4
2024-07-29,ミドリ商事,1491.7
2024-07-30,ミドリ商事,1533.8
2024-07-31,ミドリ商事,1543.2
2024-08-01,ミドリ商事,1567.8
2024-08-02,ミドリ商事,1535.1
2024-08-05,ミドリ商事,1487.0
2024-08-06,ミドリ商事,1495.0
2024-08-07,ミドリ商事,1440.7
2024-08-08,ミドリ商事,1437.8
2024-08-09,ミドリ商事,1410.1
2024-08-12,ミドリ商事,1372.3
2024-08-13,ミドリ商事,1301.3
2024-08-14,ミドリ商事,1305.7
2024-08-15,ミドリ商事,1316.8
2024-08-16,ミドリ商事,1288.7
2024-08-19,ミドリ商事,1252.9
2024-08-20,ミドリ商事,1206.0
2024-08-21,ミドリ商事,1249.4
2024-08-22,ミドリ商事,1269.6
2024-08-23,ミドリ商事,1326.4
2024-08-26,ミドリ商事,1361.7
2024-08-27,ミドリ商事,1357.0
2024-08-28,ミドリ商事,1389.7
2024-08-29,ミドリ商事,1410.2
2024-08-30,ミドリ商事,1428.8
2024-09-02,ミドリ商事,1398.1
2024-09-03,ミドリ商事,1339.2
2024-09-04,ミドリ商事,1365.8
2024-09-05,ミドリ商事,1394.1
2024-09-06,ミドリ商事,1386.7
2024-09-09,ミドリ商事,1423.4
2024-09-10,ミドリ商事,1449.6
2024-09-11,ミドリ商事,1521.6
2024-09-12,ミドリ商事,1543.9
2024-09-13,ミドリ商事,1528.7
2024-09-16,ミドリ商事,1512.2
2024-09-17,ミドリ商事,1566.0
2024-09-18,ミドリ商事,1608.2
2024-09-19,ミドリ商事,1548.8
2024-09-20,ミドリ商事,1551.8
2024-09-23,ミドリ商事,1604.7
2024-09-24,ミドリ商事,1617.1
2024-09-25,ミドリ商事,1554.8
2024-09-26,ミドリ商事,1649.7
2024-09-27,ミドリ商事,1688.9
2024-09-30,ミドリ商事,1662.2
2024-10-01,ミドリ商事,1638.6
2024-10-02,ミドリ商事,1592.6
2024-10-03,ミドリ商事,1488.2
2024-10-04,ミドリ商事,1518.8
2024-10-07,ミドリ商事,1566.3
2024-10-08,ミドリ商事,1556.6
2024-10-09,ミドリ商事,1613.8
2024-10-10,ミドリ商事,1629.3
2024-10-11,ミドリ商事,1654.2
2024-10-14,ミドリ商事,1628.6
2024-10-15,ミドリ商事,1725.3
2024-10-16,ミドリ商事,1790.9
2024-10-17,ミドリ商事,1803.1
2024-10-18,ミドリ商事,1800.7
2024-10-21,ミドリ商事,1850.5
2024-10-22,ミドリ商事,1840.9
2024-10-23,ミドリ商事,1868.1
2024-10-24,ミドリ商事,1767.0
2024-10-25,ミドリ商事,1812.6
2024-10-28,ミドリ商事,1781.7
2024-10-29,ミドリ商事,1772.2
2024-10-30,ミドリ商事,1774.3
2024-10-31,ミドリ商事,1775.0
2024-11-01,ミドリ商事,1745.4
2024-11-04,ミドリ商事,1708.1
2024-11-05,ミドリ商事,1715.4
2024-11-06,ミドリ商事,1792.3
2024-11-07,ミドリ商事,1819.4
2024-11-08,ミドリ商事,1838.2
2024-11-11,ミドリ商事,1922.3
2024-11-12,ミドリ商事,2047.3
2024-11-13,ミドリ商事,2062.0
2024-11-14,ミドリ商事,2115.8
2024-11-15,ミドリ商事,2090.0
2024-11-18,ミドリ商事,2139.6
2024-11-19,ミドリ商事,2089.5
2024-11-20,ミドリ商事,2034.2
2024-11-21,ミドリ商事,1937.9
2024-11-22,ミドリ商事,1850.3
2024-11-25,ミドリ商事,1849.9
2024-11-26,ミドリ商事,1788.5
2024-11-27,ミドリ商事,1833.5
2024-11-28,ミドリ商事,1891.1
2024-11-29,ミドリ商事,1839.3
2023-01-02,ヒカリ銀行,2112.2
2023-01-03,ヒカリ銀行,2134.3
2023-01-04,ヒカリ銀行,2137.2
2023-01-05,ヒカリ銀行,2166.2
2023-01-06,ヒカリ銀行,2214.6
2023-01-09,ヒカリ銀行,2216.4
2023-01-10,ヒカリ銀行,2181.7
2023-01-11,ヒカリ銀行,2206.8
2023-01-12,ヒカリ銀行,2233.6
2023-01-13,ヒカリ銀行,2215.3
2023-01-16,ヒカリ銀行,2288.1
2023-01-17,ヒカリ銀行,2318.0
2023-01-18,ヒカリ銀行,2268.7
2023-01-19,ヒカリ銀行,2236.3
2023-01-20,ヒカリ銀行,2234.5
2023-01-23,ヒカリ銀行,2270.3
2023-01-24,ヒカリ銀行,2310.9
2023-01-25,ヒカリ銀行,2332.0
2023-01-26,ヒカリ銀行,2330.6
2023-01-27,ヒカリ銀行,2370.5
2023-01-30,ヒカリ銀行,2418.7
2023-01-31,ヒカリ銀行,2484.9
2023-02-01,ヒカリ銀行,2454.6
2023-02-02,ヒカリ銀行,2456.6
2023-02-03,ヒカリ銀行,2417.0
2023-02-06,ヒカリ銀行,2420.1
2023-02-07,ヒカリ銀行,2455.8
2023-02-08,ヒカリ銀行,2399.1
2023-02-09,ヒカリ銀行,2382.0
2023-02-10,ヒカリ銀行,2416.6
2023-02-13,ヒカリ銀行,2378.9
2023-02-14,ヒカリ銀行,2358.6
2023-02-15,ヒカリ銀行,2332.6
2023-02-16,ヒカリ銀行,2308.9
2023-02-17,ヒカリ銀行,2318.5
2023-02-20,ヒカリ銀行,2325.6
2023-02-21,ヒカリ銀行,2327.6
2023-02-22,ヒカリ銀行,2303.6
2023-02-23,ヒカリ銀行,2281.5
2023-02-24,ヒカリ銀行,2267.7
2023-02-27,ヒカリ銀行,2314.5
2023-02-28,ヒカリ銀行,2395.6
2023-03-01,ヒカリ銀行,2333.7
2023-03-02,ヒカリ銀行,2357.7
2023-03-03,ヒカリ銀行,2426.5
2023-03-06,ヒカリ銀行,2407.1
2023-03-07,ヒカリ銀行,2435.5
2023-03-08,ヒカリ銀行,2391.6
2023-03-09,ヒカリ銀行,2480.4
2023-03-10,ヒカリ銀行,2444.8
2023-03-13,ヒカリ銀行,2410.0
2023-03-14,ヒカリ銀行,2458.4
2023-03-15,ヒカリ銀行,2488.4
2023-03-16,ヒカリ銀行,2474.4
2023-03-17,ヒカリ銀行,2457.0
2023-03-20,ヒカリ銀行,2449.6
2023-03-21,ヒカリ銀行,2454.0
2023-03-22,ヒカリ銀行,2425.9
2023-03-23,ヒカリ銀行,2412.1
2023-03-24,ヒカリ銀行,2408.6
2023-03-27,ヒカリ銀行,2459.5
2023-03-28,ヒカリ銀行,2497.5
2023-03-29,ヒカリ銀行,2481.4
2023-03-30,ヒカリ銀行,2526.0
2023-03-31,ヒカリ銀行,2500.1
2023-04-03,ヒカリ銀行,2497.1
2023-04-04,ヒカリ銀行,2500.5
2023-04-05,ヒカリ銀行,2495.6
2023-04-06,ヒカリ銀行,2513.2
2023-04-07,ヒカリ銀行,2541.5
2023-04-10,ヒカリ銀行,2581.4
2023-04-11,ヒカリ銀行,2596.2
2023-04-12,ヒカリ銀行,2636.5
2023-04-13,ヒカリ銀行,2603.7
2023-04-14,ヒカリ銀行,2633.0
2023-04-17,ヒカリ銀行,2556.5
2023-04-18,ヒカリ銀行,2468.8
2023-04-19,ヒカリ銀行,2464.0
2023-04-20,ヒカリ銀行,2398.3
2023-04-21,ヒカリ銀行,2365.9
2023-04-24,ヒカリ銀行,2383.6
2023-04-25,ヒカリ銀行,2346.5
2023-04-26,ヒカリ銀行,2350.1
2023-04-27,ヒカリ銀行,2313.5
2023-04-28,ヒカリ銀行,2291.1
2023-05-01,ヒカリ銀行,2312.5
2023-05-02,ヒカリ銀行,2249.5
2023-05-03,ヒカリ銀行,2215.4
2023-05-04,ヒカリ銀行,2240.8
2023-05-05,ヒカリ銀行,2219.7
2023-05-08,ヒカリ銀行,2164.6
2023-05-09,ヒカリ銀行,2152.4
2023-05-10,ヒカリ銀行,2115.6
2023-05-11,ヒカリ銀行,2126.4
2023-05-12,ヒカリ銀行,2101.1
2023-05-15,ヒカリ銀行,2051.8
2023-05-16,ヒカリ銀行,1989.2
2023-05-17,ヒカリ銀行,2029.4
2023-05-18,ヒカリ銀行,2034.0
2023-05-19,ヒカリ銀行,2019.1
2023-05-22,ヒカリ銀行,1974.1
2023-05-23,ヒカリ銀行,1976.8
2023-05-24,ヒカリ銀行,1986.4
2023-05-25,ヒカリ銀行,2041.7
2023-05-26,ヒカリ銀行,2082.4
2023-05-29,ヒカリ銀行,2030.7
2023-05-30,ヒカリ銀行,2076.5
2023-05-31,ヒカリ銀行,2045.5
2023-06-01,ヒカリ銀行,2025.2
2023-06-02,ヒカリ銀行,2049.7
2023-06-05,ヒカリ銀行,2067.1
2023-06-06,ヒカリ銀行,2073.5
2023-06-07,ヒカリ銀行,2127.4
2023-06-08,ヒカリ銀行,2113.6
2023-06-09,ヒカリ銀行,2092.8
2023-06-12,ヒカリ銀行,2057.0
2023-06-13,ヒカリ銀行,2034.0
2023-06-14,ヒカリ銀行,1983.6
2023-06-15,ヒカリ銀行,1984.7
2023-06-16,ヒカリ銀行,1963.6
2023-06-19,ヒカリ銀行,1951.7
2023-06-20,ヒカリ銀行,1889.4
2023-06-21,ヒカリ銀行,1893.1
2023-06-22,ヒカリ銀行,1815.9
2023-06-23,ヒカリ銀行,1806.9
2023-06-26,ヒカリ銀行,1814.4
2023-06-27,ヒカリ銀行,1817.3
2023-06-28,ヒカリ銀行,1786.0
2023-06-29,ヒカリ銀行,1792.3
2023-06-30,ヒカリ銀行,1786.8
2023-07-03,ヒカリ銀行,1793.6
2023-07-04,ヒカリ銀行,1827.3
2023-07-05,ヒカリ銀行,1817.5
2023-07-06,ヒカリ銀行,1845.4
2023-07-07,ヒカリ銀行,1772.2
2023-07-10,ヒカリ銀行,1730.4
2023-07-11,ヒカリ銀行,1735.9
2023-07-12,ヒカリ銀行,1719.7
2023-07-13,ヒカリ銀行,1735.9
2023-07-14,ヒカリ銀行,1793.4
2023-07-17,ヒカリ銀行,1789.5
2023-07-18,ヒカリ銀行,1729.3
2023-07-19,ヒカリ銀行,1686.8
2023-07-20,ヒカリ銀行,1665.6
2023-07-21,ヒカリ銀行,1701.2
2023-07-24,ヒカリ銀行,1727.0
2023-07-25,ヒカリ銀行,1725.4
2023-07-26,ヒカリ銀行,1768.7
2023-07-27,ヒカリ銀行,1753.7
2023-07-28,ヒカリ銀行,1720.6
2023-07-31,ヒカリ銀行,1749.0
2023-08-01,ヒカリ銀行,1748.2
2023-08-02,ヒカリ銀行,1779.8
2023-08-03,ヒカリ銀行,1824.6
2023-08-04,ヒカリ銀行,1792.2
2023-08-07,ヒカリ銀行,1808.1
2023-08-08,ヒカリ銀行,1765.5
2023-08-09,ヒカリ銀行,1735.1
2023-08-10,ヒカリ銀行,1754.2
2023-08-11,ヒカリ銀行,1726.6
2023-08-14,ヒカリ銀行,1710.8
2023-08-15,ヒカリ銀行,1721.7
2023-08-16,ヒカリ銀行,1729.0
2023-08-17,ヒカリ銀行,1739.0
2023-08-18,ヒカリ銀行,1726.1
2023-08-21,ヒカリ銀行,1720.7
2023-08-22,ヒカリ銀行,1720.5
2023-08-23,ヒカリ銀行,1728.7
2023-08-24,ヒカリ銀行,1718.3
2023-08-25,ヒカリ銀行,1732.8
2023-08-28,ヒカリ銀行,1738.9
2023-08-29,ヒカリ銀行,1691.7
2023-08-30,ヒカリ銀行,1675.6
2023-08-31,ヒカリ銀行,1690.7
2023-09-01,ヒカリ銀行,1667.7
2023-09-04,ヒカリ銀行,1675.6
2023-09-05,ヒカリ銀行,1673.2
2023-09-06,ヒカリ銀行,1656.4
2023-09-07,ヒカリ銀行,1622.9
2023-09-08,ヒカリ銀行,1646.1
2023-09-11,ヒカリ銀行,1653.7
2023-09-12,ヒカリ銀行,1655.9
2023-09-13,ヒカリ銀行,1660.6
2023-09-14,ヒカリ銀行,1647.0
2023-09-15,ヒカリ銀行,1668.1
2023-09-18,ヒカリ銀行,1685.2
2023-09-19,ヒカリ銀行,1706.4
2023-09-20,ヒカリ銀行,1672.0
2023-09-21,ヒカリ銀行,1668.1
2023-09-22,ヒカリ銀行,1671.4
2023-09-25,ヒカリ銀行,1669.6
2023-09-26,ヒカリ銀行,1744.0
2023-09-27,ヒカリ銀行,1726.9
2023-09-28,ヒカリ銀行,1722.5
2023-09-29,ヒカリ銀行,1695.0
2023-10-02,ヒカリ銀行,1681.0
2023-10-03,ヒカリ銀行,1669.6
2023-10-04,ヒカリ銀行,1647.2
2023-10-05,ヒカリ銀行,1646.1
2023-10-06,ヒカリ銀行,1590.9
2023-10-09,ヒカリ銀行,1549.5
2023-10-10,ヒカリ銀行,1551.0
2023-10-11,ヒカリ銀行,1548.0
2023-10-12,ヒカリ銀行,1543.3
2023-10-13,ヒカリ銀行,1567.8
2023-10-16,ヒカリ銀行,1564.1
2023-10-17,ヒカリ銀行,1567.3
2023-10-18,ヒカリ銀行,1562.5
2023-10-19,ヒカリ銀行,1644.9
2023-10-20,ヒカリ銀行,1608.3
2023-10-23,ヒカリ銀行,1612.1
2023-10-24,ヒカリ銀行,1576.7
2023-10-25,ヒカリ銀行,1593.1
2023-10-26,ヒカリ銀行,1599.9
2023-10-27,ヒカリ銀行,1621.0
2023-10-30,ヒカリ銀行,1637.9
2023-10-31,ヒカリ銀行,1623.1
2023-11-01,ヒカリ銀行,1648.6
2023-11-02,ヒカリ銀行,1660.0
2023-11-03,ヒカリ銀行,1645.0
2023-11-06,ヒカリ銀行,1660.5
2023-11-07,ヒカリ銀行,1641.6
2023-11-08,ヒカリ銀行,1645.2
2023-11-09,ヒカリ銀行,1640.7
2023-11-10,ヒカリ銀行,1666.8
2023-11-13,ヒカリ銀行,1673.3
2023-11-14,ヒカリ銀行,1647.0
2023-11-15,ヒカリ銀行,1657.3
2023-11-16,ヒカリ銀行,1645.8
2023-11-17,ヒカリ銀行,1668.9
2023-11-20,ヒカリ銀行,1677.6
2023-11-21,ヒカリ銀行,1660.3
2023-11-22,ヒカリ銀行,1656.2
2023-11-23,ヒカリ銀行,1640.7
2023-11-24,ヒカリ銀行,1644.3
2023-11-27,ヒカリ銀行,1651.4
2023-11-28,ヒカリ銀行,1626.0
2023-11-29,ヒカリ銀行,1633.4
2023-11-30,ヒカリ銀行,1637.5
2023-12-01,ヒカリ銀行,1629.0
2023-12-04,ヒカリ銀行,1614.4
2023-12-05,ヒカリ銀行,1596.3
2023-12-06,ヒカリ銀行,1602.3
2023-12-07,ヒカリ銀行,1624.0
2023-12-08,ヒカリ銀行,1620.8
2023-12-11,ヒカリ銀行,1670.5
2023-12-12,ヒカリ銀行,1645.3
2023-12-13,ヒカリ銀行,1629.7
2023-12-14,ヒカリ銀行,1616.5
2023-12-15,ヒカリ銀行,1628.3
2023-12-18,ヒカリ銀行,1597.5
2023-12-19,ヒカリ銀行,1577.9
2023-12-20,ヒカリ銀行,1543.2
2023-12-21,ヒカリ銀行,1550.4
2023-12-22,ヒカリ銀行,1559.0
2023-12-25,ヒカリ銀行,1533.3
2023-12-26,ヒカリ銀行,1484.3
2023-12-27,ヒカリ銀行,1520.1
2023-12-28,ヒカリ銀行,1572.1
2023-12-29,ヒカリ銀行,1599.9
2024-01-01,ヒカリ銀行,1617.7
2024-01-02,ヒカリ銀行,1626.3
2024-01-03,ヒカリ銀行,1615.0
2024-01-04,ヒカリ銀行,1651.6
2024-01-05,ヒカリ銀行,1668.0
2024-01-08,ヒカリ銀行,1658.7
2024-01-09,ヒカリ銀行,1603.3
2024-01-10,ヒカリ銀行,1561.2
2024-01-11,ヒカリ銀行,1554.0
2024-01-12,ヒカリ銀行,1561.7
2024-01-15,ヒカリ銀行,1566.0
2024-01-16,ヒカリ銀行,1551.6
2024-01-17,ヒカリ銀行,1573.9
2024-01-18,ヒカリ銀行,1620.1
2024-01-19,ヒカリ銀行,1608.7
2024-01-22,ヒカリ銀行,1670.8
2024-01-23,ヒカリ銀行,1651.7
2024-01-24,ヒカリ銀行,1675.5
2024-01-25,ヒカリ銀行,1688.8
2024-01-26,ヒカリ銀行,1694.8
2024-01-29,ヒカリ銀行,1753.9
2024-01-30,ヒカリ銀行,1757.6
2024-01-31,ヒカリ銀行,1759.3
2024-02-01,ヒカリ銀行,1779.7
2024-02-02,ヒカリ銀行,1792.5
2024-02-05,ヒカリ銀行,1777.2
2024-02-06,ヒカリ銀行,1807.9
2024-02-07,ヒカリ銀行,1827.1
2024-02-08,ヒカリ銀行,1777.1
2024-02-09,ヒカリ銀行,1760.3
2024-02-12,ヒカリ銀行,1816.6
2024-02-13,ヒカリ銀行,1820.2
2024-02-14,ヒカリ銀行,1814.3
2024-02-15,ヒカリ銀行,1857.7
2024-02-16,ヒカリ銀行,1848.7
2024-02-19,ヒカリ銀行,1838.8
2024-02-20,ヒカリ銀行,1860.0
2024-02-21,ヒカリ銀行,1874.9
2024-02-22,ヒカリ銀行,1894.8
2024-02-23,ヒカリ銀行,1841.1
2024-02-26,ヒカリ銀行,1817.2
2024-02-27,ヒカリ銀行,1783.9
2024-02-28,ヒカリ銀行,1745.9
2024-02-29,ヒカリ銀行,1733.0
2024-03-01,ヒカリ銀行,1759.8
2024-03-04,ヒカリ銀行,1750.0
2024-03-05,ヒカリ銀行,1768.3
2024-03-06,ヒカリ銀行,1821.1
2024-03-07,ヒカリ銀行,1759.1
2024-03-08,ヒカリ銀行,1786.0
2024-03-11,ヒカリ銀行,1772.8
2024-03-12,ヒカリ銀行,1831.3
2024-03-13,ヒカリ銀行,1819.9
2024-03-14,ヒカリ銀行,1785.0
2024-03-15,ヒカリ銀行,1733.1
2024-03-18,ヒカリ銀行,1722.4
2024-03-19,ヒカリ銀行,1724.6
2024-03-20,ヒカリ銀行,1765.5
2024-03-21,ヒカリ銀行,1773.0
2024-03-22,ヒカリ銀行,1801.7
2024-03-25,ヒカリ銀行,1781.0
2024-03-26,ヒカリ銀行,1740.5
2024-03-27,ヒカリ銀行,1736.0
2024-03-28,ヒカリ銀行,1795.4
2024-03-29,ヒカリ銀行,1837.0
2024-04-01,ヒカリ銀行,1821.7
2024-04-02,ヒカリ銀行,1826.8
2024-04-03,ヒカリ銀行,1816.3
2024-04-04,ヒカリ銀行,1828.5
2024-04-05,ヒカリ銀行,1845.4
2024-04-08,ヒカリ銀行,1874.2
2024-04-09,ヒカリ銀行,1891.7
2024-04-10,ヒカリ銀行,1881.6
2024-04-11,ヒカリ銀行,1878.3
2024-04-12,ヒカリ銀行,1897.6
2024-04-15,ヒカリ銀行,1880.8
2024-04-16,ヒカリ銀行,1919.4
2024-04-17,ヒカリ銀行,1904.9
2024-04-18,ヒカリ銀行,1872.7
2024-04-19,ヒカリ銀行,1843.3
2024-04-22,ヒカリ銀行,1851.1
2024-04-23,ヒカリ銀行,1875.2
2024-04-24,ヒカリ銀行,1898.6
2024-04-25,ヒカリ銀行,1930.9
2024-04-26,ヒカリ銀行,1872.0
2024-04-29,ヒカリ銀行,1897.9
2024-04-30,ヒカリ銀行,1974.6
2024-05-01,ヒカリ銀行,1964.0
2024-05-02,ヒカリ銀行,1940.0
2024-05-03,ヒカリ銀行,1961.3
2024-05-06,ヒカリ銀行,1996.9
2024-05-07,ヒカリ銀行,2038.8
2024-05-08,ヒカリ銀行,2000.7
2024-05-09,ヒカリ銀行,2047.8
2024-05-10,ヒカリ銀行,2056.1
2024-05-13,ヒカリ銀行,2090.1
2024-05-14,ヒカリ銀行,2075.7
2024-05-15,ヒカリ銀行,2096.8
2024-05-16,ヒカリ銀行,2092.9
2024-05-17,ヒカリ銀行,2135.2
2024-05-20,ヒカリ銀行,2135.3
2024-05-21,ヒカリ銀行,2115.4
2024-05-22,ヒカリ銀行,2122.8
2024-05-23,ヒカリ銀行,2100.6
2024-05-24,ヒカリ銀行,2035.4
2024-05-27,ヒカリ銀行,2034.5
2024-05-28,ヒカリ銀行,2020.7
2024-05-29,ヒカリ銀行,1994.9
2024-05-30,ヒカリ銀行,1983.8
2024-05-31,ヒカリ銀行,1990.8
2024-06-03,ヒカリ銀行,1999.0
2024-06-04,ヒカリ銀行,1964.8
2024-06-05,ヒカリ銀行,1971.7
2024-06-06,ヒカリ銀行,1949.4
2024-06-07,ヒカリ銀行,1927.2
2024-06-10,ヒカリ銀行,1974.6
2024-06-11,ヒカリ銀行,1928.7
2024-06-12,ヒカリ銀行,1911.6
2024-06-13,ヒカリ銀行,1941.1
2024-06-14,ヒカリ銀行,1877.3
2024-06-17,ヒカリ銀行,1912.8
2024-06-18,ヒカリ銀行,1948.4
2024-06-19,ヒカリ銀行,2003.1
2024-06-20,ヒカリ銀行,2022.7
2024-06-21,ヒカリ銀行,2067.4
2024-06-24,ヒカリ銀行,2073.0
2024-06-25,ヒカリ銀行,2103.6
2024-06-26,ヒカリ銀行,2135.8
2024-06-27,ヒカリ銀行,2145.7
2024-06-28,ヒカリ銀行,2139.2
2024-07-01,ヒカリ銀行,2144.9
2024-07-02,ヒカリ銀行,2109.5
2024-07-03,ヒカリ銀行,2150.8
2024-07-04,ヒカリ銀行,2193.1
2024-07-05,ヒカリ銀行,2156.2
2024-07-08,ヒカリ銀行,2188.4
2024-07-09,ヒカリ銀行,2238.6
2024-07-10,ヒカリ銀行,2224.6
2024-07-11,ヒカリ銀行,2173.5
2024-07-12,ヒカリ銀行,2197.4
2024-07-15,ヒカリ銀行,2224.7
2024-07-16,ヒカリ銀行,2167.6
2024-07-17,ヒカリ銀行,2178.8
2024-07-18,ヒカリ銀行,2195.8
2024-07-19,ヒカリ銀行,2192.1
2024-07-22,ヒカリ銀行,2160.7
2024-07-23,ヒカリ銀行,2198.5
2024-07-24,ヒカリ銀行,2154.4
2024-07-25,ヒカリ銀行,2185.6
2024-07-26,ヒカリ銀行,2228.8
2024-07-29,ヒカリ銀行,2262.4
2024-07-30,ヒカリ銀行,2267.2
2024-07-31,ヒカリ銀行,2278.8
2024-08-01,ヒカリ銀行,2265.7
2024-08-02,ヒカリ銀行,2261.6
2024-08-05,ヒカリ銀行,2204.1
2024-08-06,ヒカリ銀行,2199.7
2024-08-07,ヒカリ銀行,2162.7
2024-08-08,ヒカリ銀行,2149.2
2024-08-09,ヒカリ銀行,2153.0
2024-08-12,ヒカリ銀行,2152.1
2024-08-13,ヒカリ銀行,2050.4
2024-08-14,ヒカリ銀行,2051.6
2024-08-15,ヒカリ銀行,2067.1
2024-08-16,ヒカリ銀行,2042.8
2024-08-19,ヒカリ銀行,2014.7
2024-08-20,ヒカリ銀行,1997.9
2024-08-21,ヒカリ銀行,2004.4
2024-08-22,ヒカリ銀行,2016.7
2024-08-23,ヒカリ銀行,2061.0
2024-08-26,ヒカリ銀行,2117.7
2024-08-27,ヒカリ銀行,2099.2
2024-08-28,ヒカリ銀行,2102.5
2024-08-29,ヒカリ銀行,2069.1
2024-08-30,ヒカリ銀行,2058.1
2024-09-02,ヒカリ銀行,1994.4
2024-09-03,ヒカリ銀行,1926.8
2024-09-04,ヒカリ銀行,1918.8
2024-09-05,ヒカリ銀行,1899.0
2024-09-06,ヒカリ銀行,1845.0
2024-09-09,ヒカリ銀行,1874.4
2024-09-10,ヒカリ銀行,1870.6
2024-09-11,ヒカリ銀行,1902.8
2024-09-12,ヒカリ銀行,1907.3
2024-09-13,ヒカリ銀行,1876.5
2024-09-16,ヒカリ銀行,1880.4
2024-09-17,ヒカリ銀行,1936.3
2024-09-18,ヒカリ銀行,1956.8
2024-09-19,ヒカリ銀行,1927.3
2024-09-20,ヒカリ銀行,1941.0
2024-09-23,ヒカリ銀行,1992.6
2024-09-24,ヒカリ銀行,2010.6
2024-09-25,ヒカリ銀行,1999.6
2024-09-26,ヒカリ銀行,2021.8
2024-09-27,ヒカリ銀行,1990.8
2024-09-30,ヒカリ銀行,1979.0
2024-10-01,ヒカリ銀行,2001.9
2024-10-02,ヒカリ銀行,2000.0
2024-10-03,ヒカリ銀行,1956.7
2024-10-04,ヒカリ銀行,1973.7
2024-10-07,ヒカリ銀行,1992.5
2024-10-08,ヒカリ銀行,1967.7
2024-10-09,ヒカリ銀行,2014.4
2024-10-10,ヒカリ銀行,2040.6
2024-10-11,ヒカリ銀行,2007.8
2024-10-14,ヒカリ銀行,2012.2
2024-10-15,ヒカリ銀行,2106.8
2024-10-16,ヒカリ銀行,2078.1
2024-10-17,ヒカリ銀行,2104.8
2024-10-18,ヒカリ銀行,2139.7
2024-10-21,ヒカリ銀行,2211.1
2024-10-22,ヒカリ銀行,2234.0
2024-10-23,ヒカリ銀行,2176.6
2024-10-24,ヒカリ銀行,2145.2
2024-10-25,ヒカリ銀行,2144.9
2024-10-28,ヒカリ銀行,2081.7
2024-10-29,ヒカリ銀行,2099.4
2024-10-30,ヒカリ銀行,2128.9
2024-10-31,ヒカリ銀行,2127.6
2024-11-01,ヒカリ銀行,2167.5
2024-11-04,ヒカリ銀行,2156.0
2024-11-05,ヒカリ銀行,2188.0
2024-11-06,ヒカリ銀行,2157.8
2024-11-07,ヒカリ銀行,2201.0
2024-11-08,ヒカリ銀行,2197.8
2024-11-11,ヒカリ銀行,2212.5
2024-11-12,ヒカリ銀行,2298.5
2024-11-13,ヒカリ銀行,2313.1
2024-11-14,ヒカリ銀行,2322.4
2024-11-15,ヒカリ銀行,2356.5
2024-11-18,ヒカリ銀行,2373.5
2024-11-19,ヒカリ銀行,2387.0
2024-11-20,ヒカリ銀行,2377.8
2024-11-21,ヒカリ銀行,2395.0
2024-11-22,ヒカリ銀行,2385.8
2024-11-25,ヒカリ銀行,2404.3
2024-11-26,ヒカリ銀行,2393.7
2024-11-27,ヒカリ銀行,2397.0
2024-11-28,ヒカリ銀行,2428.4
2024-11-29,ヒカリ銀行,2439.4
2023-01-02,コスモ食品,1190.3
2023-01-03,コスモ食品,1209.9
2023-01-04,コスモ食品,1215.6
2023-01-05,コスモ食品,1250.4
2023-01-06,コスモ食品,1264.9
2023-01-09,コスモ食品,1281.5
2023-01-10,コスモ食品,1288.5
2023-01-11,コスモ食品,1275.3
2023-01-12,コスモ食品,1265.9
2023-01-13,コスモ食品,1270.1
2023-01-16,コスモ食品,1283.8
2023-01-17,コスモ食品,1269.8
2023-01-18,コスモ食品,1257.8
2023-01-19,コスモ食品,1249.4
2023-01-20,コスモ食品,1260.6
2023-01-23,コスモ食品,1291.4
2023-01-24,コスモ食品,1294.1
2023-01-25,コスモ食品,1304.2
2023-01-26,コスモ食品,1323.4
2023-01-27,コスモ食品,1331.4
2023-01-30,コスモ食品,1347.2
2023-01-31,コスモ食品,1369.9
2023-02-01,コスモ食品,1349.5
2023-02-02,コスモ食品,1334.0
2023-02-03,コスモ食品,1329.1
2023-02-06,コスモ食品,1341.1
2023-02-07,コスモ食品,1331.2
2023-02-08,コスモ食品,1341.9
2023-02-09,コスモ食品,1352.5
2023-02-10,コスモ食品,1351.6
2023-02-13,コスモ食品,1350.1
2023-02-14,コスモ食品,1353.2
2023-02-15,コスモ食品,1338.2
2023-02-16,コスモ食品,1325.0
2023-02-17,コスモ食品,1331.9
2023-02-20,コスモ食品,1344.2
2023-02-21,コスモ食品,1363.9
2023-02-22,コスモ食品,1354.1
2023-02-23,コスモ食品,1361.4
2023-02-24,コスモ食品,1332.1
2023-02-27,コスモ食品,1344.0
2023-02-28,コスモ食品,1363.0
2023-03-01,コスモ食品,1351.1
2023-03-02,コスモ食品,1343.1
2023-03-03,コスモ食品,1344.4
2023-03-06,コスモ食品,1336.1
2023-03-07,コスモ食品,1339.1
2023-03-08,コスモ食品,1347.5
2023-03-09,コスモ食品,1364.5
2023-03-10,コスモ食品,1365.7
2023-03-13,コスモ食品,1379.3
2023-03-14,コスモ食品,1397.5
2023-03-15,コスモ食品,1390.9
2023-03-16,コスモ食品,1396.4
2023-03-17,コスモ食品,1392.9
2023-03-20,コスモ食品,1379.2
2023-03-21,コスモ食品,1373.9
2023-03-22,コスモ食品,1377.5
2023-03-23,コスモ食品,1365.0
2023-03-24,コスモ食品,1361.0
2023-03-27,コスモ食品,1359.6
2023-03-28,コスモ食品,1366.3
2023-03-29,コスモ食品,1375.6
2023-03-30,コスモ食品,1388.3
2023-03-31,コスモ食品,1366.5
2023-04-03,コスモ食品,1343.2
2023-04-04,コスモ食品,1355.2
2023-04-05,コスモ食品,1371.1
2023-04-06,コスモ食品,1362.3
2023-04-07,コスモ食品,1368.1
2023-04-10,コスモ食品,1386.6
2023-04-11,コスモ食品,1375.1
2023-04-12,コスモ食品,1390.0
2023-04-13,コスモ食品,1397.2
2023-04-14,コスモ食品,1428.6
2023-04-17,コスモ食品,1436.4
2023-04-18,コスモ食品,1423.3
2023-04-19,コスモ食品,1409.6
2023-04-20,コスモ食品,1411.1
2023-04-21,コスモ食品,1399.0
2023-04-24,コスモ食品,1415.1
2023-04-25,コスモ食品,1396.7
2023-04-26,コスモ食品,1381.9
2023-04-27,コスモ食品,1379.6
2023-04-28,コスモ食品,1375.0
2023-05-01,コスモ食品,1370.5
2023-05-02,コスモ食品,1364.1
2023-05-03,コスモ食品,1370.8
2023-05-04,コスモ食品,1363.5
2023-05-05,コスモ食品,1385.8
2023-05-08,コスモ食品,1348.2
2023-05-09,コスモ食品,1353.6
2023-05-10,コスモ食品,1355.6
2023-05-11,コスモ食品,1349.3
2023-05-12,コスモ食品,1336.5
2023-05-15,コスモ食品,1332.5
2023-05-16,コスモ食品,1325.6
2023-05-17,コスモ食品,1321.3
2023-05-18,コスモ食品,1320.5
2023-05-19,コスモ食品,1324.1
2023-05-22,コスモ食品,1314.1
2023-05-23,コスモ食品,1339.0
2023-05-24,コスモ食品,1351.4
2023-05-25,コスモ食品,1350.5
2023-05-26,コスモ食品,1365.1
2023-05-29,コスモ食品,1340.0
2023-05-30,コスモ食品,1347.1
2023-05-31,コスモ食品,1333.8
2023-06-01,コスモ食品,1328.8
2023-06-02,コスモ食品,1311.9
2023-06-05,コスモ食品,1314.3
2023-06-06,コスモ食品,1341.8
2023-06-07,コスモ食品,1350.1
2023-06-08,コスモ食品,1347.9
2023-06-09,コスモ食品,1346.8
2023-06-12,コスモ食品,1360.3
2023-06-13,コスモ食品,1370.0
2023-06-14,コスモ食品,1377.2
2023-06-15,コスモ食品,1389.9
2023-06-16,コスモ食品,1408.2
2023-06-19,コスモ食品,1405.8
2023-06-20,コスモ食品,1407.4
2023-06-21,コスモ食品,1398.2
2023-06-22,コスモ食品,1392.9
2023-06-23,コスモ食品,1398.2
2023-06-26,コスモ食品,1397.0
2023-06-27,コスモ食品,1392.7
2023-06-28,コスモ食品,1411.0
2023-06-29,コスモ食品,1443.4
2023-06-30,コスモ食品,1459.6
2023-07-03,コスモ食品,1440.5
2023-07-04,コスモ食品,1454.3
2023-07-05,コスモ食品,1449.7
2023-07-06,コスモ食品,1450.8
2023-07-07,コスモ食品,1438.9
2023-07-10,コスモ食品,1427.1
2023-07-11,コスモ食品,1429.6
2023-07-12,コスモ食品,1432.1
2023-07-13,コスモ食品,1422.3
2023-07-14,コスモ食品,1439.4
2023-07-17,コスモ食品,1433.7
2023-07-18,コスモ食品,1450.2
2023-07-19,コスモ食品,1441.7
2023-07-20,コスモ食品,1448.5
2023-07-21,コスモ食品,1460.5
2023-07-24,コスモ食品,1451.2
2023-07-25,コスモ食品,1447.2
2023-07-26,コスモ食品,1434.9
2023-07-27,コスモ食品,1432.0
2023-07-28,コスモ食品,1393.4
2023-07-31,コスモ食品,1376.5
2023-08-01,コスモ食品,1358.4
2023-08-02,コスモ食品,1349.8
2023-08-03,コスモ食品,1354.8
2023-08-04,コスモ食品,1351.7
2023-08-07,コスモ食品,1329.3
2023-08-08,コスモ食品,1336.5
2023-08-09,コスモ食品,1325.8
2023-08-10,コスモ食品,1331.9
2023-08-11,コスモ食品,1315.0
2023-08-14,コスモ食品,1320.7
2023-08-15,コスモ食品,1311.2
2023-08-16,コスモ食品,1301.2
2023-08-17,コスモ食品,1296.9
2023-08-18,コスモ食品,1306.9
2023-08-21,コスモ食品,1302.7
2023-08-22,コスモ食品,1286.8
2023-08-23,コスモ食品,1320.1
2023-08-24,コスモ食品,1321.5
2023-08-25,コスモ食品,1325.1
2023-08-28,コスモ食品,1334.8
2023-08-29,コスモ食品,1330.8
2023-08-30,コスモ食品,1332.3
2023-08-31,コスモ食品,1336.1
2023-09-01,コスモ食品,1339.8
2023-09-04,コスモ食品,1352.0
2023-09-05,コスモ食品,1369.3
2023-09-06,コスモ食品,1369.7
2023-09-07,コスモ食品,1360.0
2023-09-08,コスモ食品,1346.3
2023-09-11,コスモ食品,1362.4
2023-09-12,コスモ食品,1366.4
2023-09-13,コスモ食品,1377.6
2023-09-14,コスモ食品,1357.8
2023-09-15,コスモ食品,1351.9
2023-09-18,コスモ食品,1338.4
2023-09-19,コスモ食品,1339.3
2023-09-20,コスモ食品,1329.4
2023-09-21,コスモ食品,1328.4
2023-09-22,コスモ食品,1315.2
2023-09-25,コスモ食品,1310.9
2023-09-26,コスモ食品,1312.8
2023-09-27,コスモ食品,1305.9
2023-09-28,コスモ食品,1306.4
2023-09-29,コスモ食品,1307.9
2023-10-02,コスモ食品,1300.7
2023-10-03,コスモ食品,1314.7
2023-10-04,コスモ食品,1312.2
2023-10-05,コスモ食品,1311.2
2023-10-06,コスモ食品,1312.4
2023-10-09,コスモ食品,1304.4
2023-10-10,コスモ食品,1315.5
2023-10-11,コスモ食品,1314.8
2023-10-12,コスモ食品,1319.9
2023-10-13,コスモ食品,1357.6
2023-10-16,コスモ食品,1361.1
2023-10-17,コスモ食品,1354.4
2023-10-18,コスモ食品,1390.9
2023-10-19,コスモ食品,1404.2
2023-10-20,コスモ食品,1376.8
2023-10-23,コスモ食品,1360.6
2023-10-24,コスモ食品,1347.4
2023-10-25,コスモ食品,1358.1
2023-10-26,コスモ食品,1372.2
2023-10-27,コスモ食品,1408.5
2023-10-30,コスモ食品,1411.6
2023-10-31,コスモ食品,1410.9
2023-11-01,コスモ食品,1412.3
2023-11-02,コスモ食品,1435.2
2023-11-03,コスモ食品,1466.6
2023-11-06,コスモ食品,1484.3
2023-11-07,コスモ食品,1472.3
2023-11-08,コスモ食品,1481.5
2023-11-09,コスモ食品,1524.8
2023-11-10,コスモ食品,1534.3
2023-11-13,コスモ食品,1566.6
2023-11-14,コスモ食品,1558.3
2023-11-15,コスモ食品,1555.7
2023-11-16,コスモ食品,1548.4
2023-11-17,コスモ食品,1586.4
2023-11-20,コスモ食品,1608.4
2023-11-21,コスモ食品,1607.0
2023-11-22,コスモ食品,1613.5
2023-11-23,コスモ食品,1615.4
2023-11-24,コスモ食品,1628.2
2023-11-27,コスモ食品,1641.4
2023-11-28,コスモ食品,1652.0
2023-11-29,コスモ食品,1659.8
2023-11-30,コスモ食品,1644.1
2023-12-01,コスモ食品,1651.9
2023-12-04,コスモ食品,1650.2
2023-12-05,コスモ食品,1666.7
2023-12-06,コスモ食品,1672.9
2023-12-07,コスモ食品,1673.1
2023-12-08,コスモ食品,1663.6
2023-12-11,コスモ食品,1692.6
2023-12-12,コスモ食品,1682.6
2023-12-13,コスモ食品,1650.7
2023-12-14,コスモ食品,1635.3
2023-12-15,コスモ食品,1630.0
2023-12-18,コスモ食品,1636.8
2023-12-19,コスモ食品,1634.9
2023-12-20,コスモ食品,1605.2
2023-12-21,コスモ食品,1583.5
2023-12-22,コスモ食品,1618.4
2023-12-25,コスモ食品,1607.1
2023-12-26,コスモ食品,1611.6
2023-12-27,コスモ食品,1639.6
2023-12-28,コスモ食品,1652.1
2023-12-29,コスモ食品,1664.8
2024-01-01,コスモ食品,1661.5
2024-01-02,コスモ食品,1684.4
2024-01-03,コスモ食品,1698.4
2024-01-04,コスモ食品,1720.1
2024-01-05,コスモ食品,1681.4
2024-01-08,コスモ食品,1689.7
2024-01-09,コスモ食品,1688.8
2024-01-10,コスモ食品,1655.8
2024-01-11,コスモ食品,1657.8
2024-01-12,コスモ食品,1664.2
2024-01-15,コスモ食品,1689.1
2024-01-16,コスモ食品,1680.4
2024-01-17,コスモ食品,1697.1
2024-01-18,コスモ食品,1690.4
2024-01-19,コスモ食品,1704.3
2024-01-22,コスモ食品,1715.7
2024-01-23,コスモ食品,1731.4
2024-01-24,コスモ食品,1730.6
2024-01-25,コスモ食品,1731.5
2024-01-26,コスモ食品,1726.4
2024-01-29,コスモ食品,1768.6
2024-01-30,コスモ食品,1748.9
2024-01-31,コスモ食品,1742.2
2024-02-01,コスモ食品,1745.6
2024-02-02,コスモ食品,1738.3
2024-02-05,コスモ食品,1741.7
2024-02-06,コスモ食品,1755.9
2024-02-07,コスモ食品,1759.1
2024-02-08,コスモ食品,1736.1
2024-02-09,コスモ食品,1710.3
2024-02-12,コスモ食品,1711.1
2024-02-13,コスモ食品,1737.5
2024-02-14,コスモ食品,1743.3
2024-02-15,コスモ食品,1757.0
2024-02-16,コスモ食品,1763.5
2024-02-19,コスモ食品,1742.1
2024-02-20,コスモ食品,1758.3
2024-02-21,コスモ食品,1757.3
2024-02-22,コスモ食品,1789.0
2024-02-23,コスモ食品,1799.3
2024-02-26,コスモ食品,1788.4
2024-02-27,コスモ食品,1729.9
2024-02-28,コスモ食品,1700.3
2024-02-29,コスモ食品,1709.9
2024-03-01,コスモ食品,1751.0
2024-03-04,コスモ食品,1764.8
2024-03-05,コスモ食品,1766.6
2024-03-06,コスモ食品,1761.5
2024-03-07,コスモ食品,1749.0
2024-03-08,コスモ食品,1737.4
2024-03-11,コスモ食品,1749.6
2024-03-12,コスモ食品,1759.8
2024-03-13,コスモ食品,1756.7
2024-03-14,コスモ食品,1797.0
2024-03-15,コスモ食品,1749.8
2024-03-18,コスモ食品,1750.0
2024-03-19,コスモ食品,1754.9
2024-03-20,コスモ食品,1741.1
2024-03-21,コスモ食品,1736.2
2024-03-22,コスモ食品,1753.1
2024-03-25,コスモ食品,1736.4
2024-03-26,コスモ食品,1717.2
2024-03-27,コスモ食品,1721.8
2024-03-28,コスモ食品,1779.5
2024-03-29,コスモ食品,1810.8
2024-04-01,コスモ食品,1791.5
2024-04-02,コスモ食品,1773.4
2024-04-03,コスモ食品,1780.8
2024-04-04,コスモ食品,1798.8
2024-04-05,コスモ食品,1805.1
2024-04-08,コスモ食品,1820.1
2024-04-09,コスモ食品,1808.9
2024-04-10,コスモ食品,1779.4
2024-04-11,コスモ食品,1787.8
2024-04-12,コスモ食品,1774.5
2024-04-15,コスモ食品,1757.1
2024-04-16,コスモ食品,1760.5
2024-04-17,コスモ食品,1734.9
2024-04-18,コスモ食品,1709.0
2024-04-19,コスモ食品,1686.6
2024-04-22,コスモ食品,1694.0
2024-04-23,コスモ食品,1685.3
2024-04-24,コスモ食品,1709.8
2024-04-25,コスモ食品,1713.3
2024-04-26,コスモ食品,1673.9
2024-04-29,コスモ食品,1671.4
2024-04-30,コスモ食品,1670.6
2024-05-01,コスモ食品,1705.5
2024-05-02,コスモ食品,1710.4
2024-05-03,コスモ食品,1706.5
2024-05-06,コスモ食品,1749.1
2024-05-07,コスモ食品,1768.0
2024-05-08,コスモ食品,1763.0
2024-05-09,コスモ食品,1775.8
2024-05-10,コスモ食品,1733.6
2024-05-13,コスモ食品,1740.0
2024-05-14,コスモ食品,1725.3
2024-05-15,コスモ食品,1714.5
2024-05-16,コスモ食品,1720.4
2024-05-17,コスモ食品,1732.7
2024-05-20,コスモ食品,1726.1
2024-05-21,コスモ食品,1726.7
2024-05-22,コスモ食品,1747.8
2024-05-23,コスモ食品,1744.6
2024-05-24,コスモ食品,1726.0
2024-05-27,コスモ食品,1745.0
2024-05-28,コスモ食品,1737.2
2024-05-29,コスモ食品,1732.5
2024-05-30,コスモ食品,1712.4
2024-05-31,コスモ食品,1709.8
2024-06-03,コスモ食品,1724.8
2024-06-04,コスモ食品,1737.3
2024-06-05,コスモ食品,1736.4
2024-06-06,コスモ食品,1758.5
2024-06-07,コスモ食品,1723.0
2024-06-10,コスモ食品,1737.8
2024-06-11,コスモ食品,1737.2
2024-06-12,コスモ食品,1768.1
2024-06-13,コスモ食品,1774.1
2024-06-14,コスモ食品,1753.9
2024-06-17,コスモ食品,1752.9
2024-06-18,コスモ食品,1766.2
2024-06-19,コスモ食品,1753.6
2024-06-20,コスモ食品,1748.7
2024-06-21,コスモ食品,1762.0
2024-06-24,コスモ食品,1791.1
2024-06-25,コスモ食品,1824.5
2024-06-26,コスモ食品,1854.3
2024-06-27,コスモ食品,1841.8
2024-06-28,コスモ食品,1851.8
2024-07-01,コスモ食品,1835.8
2024-07-02,コスモ食品,1818.4
2024-07-03,コスモ食品,1799.8
2024-07-04,コスモ食品,1779.9
2024-07-05,コスモ食品,1758.4
2024-07-08,コスモ食品,1737.3
2024-07-09,コスモ食品,1714.6
2024-07-10,コスモ食品,1715.7
2024-07-11,コスモ食品,1706.7
2024-07-12,コスモ食品,1719.2
2024-07-15,コスモ食品,1732.8
2024-07-16,コスモ食品,1715.3
2024-07-17,コスモ食品,1703.1
2024-07-18,コスモ食品,1707.7
2024-07-19,コスモ食品,1718.0
2024-07-22,コスモ食品,1708.1
2024-07-23,コスモ食品,1712.4
2024-07-24,コスモ食品,1698.4
2024-07-25,コスモ食品,1725.8
2024-07-26,コスモ食品,1707.6
2024-07-29,コスモ食品,1719.9
2024-07-30,コスモ食品,1703.9
2024-07-31,コスモ食品,1695.0
2024-08-01,コスモ食品,1690.2
2024-08-02,コスモ食品,1673.1
2024-08-05,コスモ食品,1659.0
2024-08-06,コスモ食品,1667.6
2024-08-07,コスモ食品,1651.3
2024-08-08,コスモ食品,1660.4
2024-08-09,コスモ食品,1651.6
2024-08-12,コスモ食品,1650.5
2024-08-13,コスモ食品,1647.4
2024-08-14,コスモ食品,1650.2
2024-08-15,コスモ食品,1644.4
2024-08-16,コスモ食品,1635.6
2024-08-19,コスモ食品,1633.9
2024-08-20,コスモ食品,1630.5
2024-08-21,コスモ食品,1642.0
2024-08-22,コスモ食品,1642.8
2024-08-23,コスモ食品,1642.6
2024-08-26,コスモ食品,1657.7
2024-08-27,コスモ食品,1665.0
2024-08-28,コスモ食品,1691.5
2024-08-29,コスモ食品,1698.5
2024-08-30,コスモ食品,1714.1
2024-09-02,コスモ食品,1703.7
2024-09-03,コスモ食品,1658.2
2024-09-04,コスモ食品,1638.0
2024-09-05,コスモ食品,1648.0
2024-09-06,コスモ食品,1632.6
2024-09-09,コスモ食品,1618.5
2024-09-10,コスモ食品,1645.2
2024-09-11,コスモ食品,1661.0
2024-09-12,コスモ食品,1664.0
2024-09-13,コスモ食品,1661.2
2024-09-16,コスモ食品,1643.6
2024-09-17,コスモ食品,1669.5
2024-09-18,コスモ食品,1677.1
2024-09-19,コスモ食品,1667.9
2024-09-20,コスモ食品,1676.5
2024-09-23,コスモ食品,1691.2
2024-09-24,コスモ食品,1737.3
2024-09-25,コスモ食品,1705.2
2024-09-26,コスモ食品,1731.7
2024-09-27,コスモ食品,1748.9
2024-09-30,コスモ食品,1715.1
2024-10-01,コスモ食品,1697.4
2024-10-02,コスモ食品,1700.5
2024-10-03,コスモ食品,1673.8
2024-10-04,コスモ食品,1654.6
2024-10-07,コスモ食品,1650.9
2024-10-08,コスモ食品,1637.0
2024-10-09,コスモ食品,1665.6
2024-10-10,コスモ食品,1687.8
2024-10-11,コスモ食品,1684.9
2024-10-14,コスモ食品,1704.5
2024-10-15,コスモ食品,1733.9
2024-10-16,コスモ食品,1738.7
2024-10-17,コスモ食品,1741.1
2024-10-18,コスモ食品,1749.2
2024-10-21,コスモ食品,1748.7
2024-10-22,コスモ食品,1744.9
2024-10-23,コスモ食品,1728.8
2024-10-24,コスモ食品,1735.5
2024-10-25,コスモ食品,1750.5
2024-10-28,コスモ食品,1736.6
2024-10-29,コスモ食品,1724.5
2024-10-30,コスモ食品,1704.4
2024-10-31,コスモ食品,1683.1
2024-11-01,コスモ食品,1700.5
2024-11-04,コスモ食品,1679.1
2024-11-05,コスモ食品,1688.0
2024-11-06,コスモ食品,1686.4
2024-11-07,コスモ食品,1708.4
2024-11-08,コスモ食品,1694.5
2024-11-11,コスモ食品,1688.3
2024-11-12,コスモ食品,1729.2
2024-11-13,コスモ食品,1768.0
2024-11-14,コスモ食品,1807.0
2024-11-15,コスモ食品,1819.2
2024-11-18,コスモ食品,1845.9
2024-11-19,コスモ食品,1817.3
2024-11-20,コスモ食品,1824.6
2024-11-21,コスモ食品,1837.9
2024-11-22,コスモ食品,1824.5
2024-11-25,コスモ食品,1794.3
2024-11-26,コスモ食品,1775.0
2024-11-27,コスモ食品,1803.0
2024-11-28,コスモ食品,1814.1
2024-11-29,コスモ食品,1810.2
